team_name,departure_datetime,landing_datetime,travel_distance_miles
Agile Antelopes,2102-04-06 21:37:00,2102-04-07 00:35:57,1491.25
Agile Antelopes,2102-04-10 23:57:00,2102-04-11 01:35:40,822.2222222222223
Agile Antelopes,2102-04-14 00:29:00,2102-04-14 05:02:55,2282.638888888889
Agile Antelopes,2102-04-21 03:31:00,2102-04-21 05:23:09,934.5833333333335
Agile Antelopes,2102-04-24 22:23:00,2102-04-25 00:25:50,1023.611111111111
Agile Antelopes,2102-04-29 03:57:00,2102-04-29 04:22:29,212.36111111111111
Agile Antelopes,2102-05-05 21:00:00,2102-05-06 00:57:28,1978.888888888889
Agile Antelopes,2102-05-09 01:28:00,2102-05-09 02:46:14,651.9444444444445
Agile Antelopes,2102-05-12 00:14:00,2102-05-12 05:06:14,2435.277777777778
Agile Antelopes,2102-05-17 00:39:00,2102-05-17 02:29:51,923.75
Agile Antelopes,2102-05-19 21:26:00,2102-05-19 23:16:51,923.75
Agile Antelopes,2102-05-27 01:24:00,2102-05-27 03:16:29,937.3611111111111
Agile Antelopes,2102-05-29 22:45:00,2102-05-30 01:28:00,1358.3333333333335
Agile Antelopes,2102-06-02 00:59:00,2102-06-02 05:34:25,2295.1388888888887
Agile Antelopes,2102-06-09 03:37:00,2102-06-09 08:32:27,2462.083333333333
Agile Antelopes,2102-06-12 21:58:00,2102-06-13 01:48:52,1923.888888888889
Agile Antelopes,2102-06-17 05:22:00,2102-06-17 07:48:13,1218.4722222222222
Agile Antelopes,2102-06-23 21:38:00,2102-06-24 02:10:35,2271.5277777777774
Agile Antelopes,2102-06-27 01:19:00,2102-06-27 03:26:37,1063.4722222222222
Agile Antelopes,2102-06-30 00:35:00,2102-06-30 05:19:59,2374.8611111111113
Agile Antelopes,2102-07-03 22:29:00,2102-07-03 22:43:35,121.52777777777777
Agile Antelopes,2102-07-10 20:30:00,2102-07-10 21:55:13,710.1388888888889
Agile Antelopes,2102-07-17 23:39:00,2102-07-18 00:10:54,265.8333333333333
Agile Antelopes,2102-07-21 05:00:00,2102-07-21 06:11:50,598.6111111111111
Agile Antelopes,2102-07-27 20:28:00,2102-07-27 20:53:29,212.36111111111111
Agile Antelopes,2102-07-31 22:13:00,2102-07-31 22:38:29,212.36111111111111
Agile Antelopes,2102-08-03 21:25:00,2102-08-03 22:13:21,402.9166666666667
Agile Antelopes,2102-08-07 22:47:00,2102-08-07 23:47:06,500.83333333333337
Agile Antelopes,2102-08-12 03:48:00,2102-08-12 04:02:35,121.52777777777777
Agile Antelopes,2102-08-21 00:43:00,2102-08-21 01:02:39,163.74999999999997
Agile Antelopes,2102-08-22 03:36:00,2102-08-22 03:55:49,165.13888888888889
Agile Antelopes,2102-08-25 21:59:00,2102-08-26 00:11:06,1100.8333333333333
Agile Antelopes,2102-08-28 21:54:00,2102-08-29 00:22:13,1235.138888888889
Agile Antelopes,2102-08-31 23:30:00,2102-09-01 00:12:14,351.94444444444446
Agile Antelopes,2102-09-11 23:39:00,2102-09-12 00:02:10,193.05555555555557
Agile Antelopes,2102-09-15 20:25:00,2102-09-15 21:18:42,447.5
Agile Antelopes,2102-09-18 23:25:00,2102-09-19 00:41:44,639.4444444444445
Agile Antelopes,2102-09-26 03:32:00,2102-09-26 03:36:13,35.13888888888889
Agile Antelopes,2102-09-29 03:03:00,2102-09-29 08:02:20,2494.4444444444443
Brave Bears,2102-04-06 21:35:00,2102-04-06 21:56:22,178.05555555555554
Brave Bears,2102-04-10 22:03:00,2102-04-10 22:39:51,307.0833333333333
Brave Bears,2102-04-13 21:54:00,2102-04-13 22:42:44,406.11111111111114
Brave Bears,2102-04-24 21:58:00,2102-04-25 00:00:08,1017.7777777777779
Brave Bears,2102-04-27 21:37:00,2102-04-27 23:21:20,869.4444444444443
Brave Bears,2102-05-01 23:05:00,2102-05-02 01:52:04,1392.2222222222222
Brave Bears,2102-05-05 03:46:00,2102-05-05 05:49:32,1029.4444444444443
Brave Bears,2102-05-08 22:56:00,2102-05-09 00:59:32,1029.4444444444443
Brave Bears,2102-05-15 22:26:00,2102-05-15 23:06:50,340.27777777777777
Brave Bears,2102-05-20 03:36:00,2102-05-20 04:25:18,410.8333333333333
Brave Bears,2102-05-22 20:02:00,2102-05-22 21:10:42,572.5
Brave Bears,2102-05-29 22:17:00,2102-05-30 03:05:15,2402.083333333333
Brave Bears,2102-06-02 06:12:00,2102-06-02 08:06:56,957.7777777777778
Brave Bears,2102-06-06 03:45:00,2102-06-06 08:38:49,2448.472222222222
Brave Bears,2102-06-13 04:01:00,2102-06-13 04:01:47,6.527777777777778
Brave Bears,2102-06-16 05:04:00,2102-06-16 05:25:33,179.58333333333334
Brave Bears,2102-06-20 03:30:00,2102-06-20 03:51:35,179.86111111111111
Brave Bears,2102-06-26 22:24:00,2102-06-27 03:30:54,2557.4999999999995
Brave Bears,2102-07-01 00:24:00,2102-07-01 03:51:39,1730.4166666666667
Brave Bears,2102-07-03 22:52:00,2102-07-04 00:37:10,876.3888888888889
Brave Bears,2102-07-10 23:04:00,2102-07-11 02:19:39,1630.4166666666665
Brave Bears,2102-07-18 00:48:00,2102-07-18 02:26:40,822.2222222222223
Brave Bears,2102-07-21 04:01:00,2102-07-21 08:53:31,2437.6388888888887
Brave Bears,2102-07-28 03:37:00,2102-07-28 03:58:22,178.05555555555554
Brave Bears,2102-08-01 04:14:00,2102-08-01 04:35:22,178.05555555555554
Brave Bears,2102-08-07 23:03:00,2102-08-08 00:28:39,713.75
Brave Bears,2102-08-11 04:55:00,2102-08-11 07:17:25,1186.8055555555554
Brave Bears,2102-08-14 22:48:00,2102-08-15 01:52:36,1538.3333333333333
Brave Bears,2102-08-18 03:28:00,2102-08-18 08:44:12,2635.0
Brave Bears,2102-08-25 21:59:00,2102-08-26 00:02:32,1029.4444444444443
Brave Bears,2102-08-28 22:25:00,2102-08-29 00:25:50,1006.9444444444445
Brave Bears,2102-09-01 21:58:00,2102-09-02 00:10:42,1105.8333333333333
Brave Bears,2102-09-05 03:54:00,2102-09-05 06:44:55,1424.3055555555554
Brave Bears,2102-09-11 23:24:00,2102-09-11 23:45:35,179.86111111111111
Brave Bears,2102-09-16 04:27:00,2102-09-16 05:24:34,479.7222222222223
Brave Bears,2102-09-18 22:13:00,2102-09-18 22:51:22,319.72222222222223
Brave Bears,2102-09-26 22:06:00,2102-09-26 22:46:50,340.27777777777777
Brave Bears,2102-09-30 03:44:00,2102-09-30 05:25:10,843.0555555555555
Cunning Cougars,2102-04-06 22:07:00,2102-04-06 23:20:11,609.8611111111112
Cunning Cougars,2102-04-10 21:48:00,2102-04-10 23:48:50,1006.9444444444445
Cunning Cougars,2102-04-14 21:48:00,2102-04-15 00:11:46,1198.0555555555557
Cunning Cougars,2102-04-21 22:15:00,2102-04-21 23:57:49,856.8055555555555
Cunning Cougars,2102-04-24 23:12:00,2102-04-25 00:29:16,643.8888888888888
Cunning Cougars,2102-04-27 21:42:00,2102-04-27 22:24:57,357.91666666666674
Cunning Cougars,2102-05-06 03:03:00,2102-05-06 03:35:29,270.69444444444446
Cunning Cougars,2102-05-08 21:49:00,2102-05-09 02:55:39,2555.4166666666665
Cunning Cougars,2102-05-12 04:03:00,2102-05-12 09:36:49,2781.8055555555557
Cunning Cougars,2102-05-19 04:07:00,2102-05-19 09:16:13,2576.805555555555
Cunning Cougars,2102-05-23 00:48:00,2102-05-23 00:58:22,86.38888888888889
Cunning Cougars,2102-05-26 06:11:00,2102-05-26 06:51:15,335.41666666666663
Cunning Cougars,2102-05-30 00:53:00,2102-05-30 05:28:09,2292.916666666666
Cunning Cougars,2102-06-07 00:40:00,2102-06-07 01:45:39,547.0833333333334
Cunning Cougars,2102-06-10 03:46:00,2102-06-10 04:34:44,406.11111111111114
Cunning Cougars,2102-06-13 04:01:00,2102-06-13 04:22:35,179.86111111111111
Cunning Cougars,2102-06-20 03:30:00,2102-06-20 05:44:23,1119.861111111111
Cunning Cougars,2102-06-23 21:25:00,2102-06-23 22:07:52,357.22222222222223
Cunning Cougars,2102-06-26 22:46:00,2102-06-27 00:27:41,847.3611111111111
Cunning Cougars,2102-07-01 02:31:00,2102-07-01 03:22:24,428.33333333333337
Cunning Cougars,2102-07-03 22:36:00,2102-07-03 23:27:24,428.33333333333337
Cunning Cougars,2102-07-10 22:40:00,2102-07-11 00:21:41,847.3611111111111
Cunning Cougars,2102-07-17 22:59:00,2102-07-18 02:40:06,1842.5
Cunning Cougars,2102-07-21 00:20:00,2102-07-21 05:41:41,2680.6944444444443
Cunning Cougars,2102-07-28 03:39:00,2102-07-28 09:01:44,2689.444444444445
Cunning Cougars,2102-08-01 01:18:00,2102-08-01 02:39:21,677.9166666666666
Cunning Cougars,2102-08-04 00:59:00,2102-08-04 05:57:08,2484.4444444444443
Cunning Cougars,2102-08-14 20:35:00,2102-08-14 21:22:01,391.8055555555556
Cunning Cougars,2102-08-19 00:55:00,2102-08-19 01:20:27,212.08333333333331
Cunning Cougars,2102-08-21 22:43:00,2102-08-22 01:33:55,1424.3055555555554
Cunning Cougars,2102-08-25 23:21:00,2102-08-26 02:33:09,1601.25
Cunning Cougars,2102-09-01 01:16:00,2102-09-01 03:45:00,1241.6666666666667
Cunning Cougars,2102-09-04 23:17:00,2102-09-05 01:21:04,1033.888888888889
Cunning Cougars,2102-09-08 03:12:00,2102-09-08 05:35:46,1198.0555555555557
Cunning Cougars,2102-09-16 04:27:00,2102-09-16 05:18:24,428.33333333333337
Cunning Cougars,2102-09-18 22:20:00,2102-09-19 00:45:56,1216.111111111111
Cunning Cougars,2102-09-21 22:49:00,2102-09-22 01:56:27,1562.0833333333333
Cunning Cougars,2102-09-29 02:36:00,2102-09-29 03:18:57,357.91666666666674
Daring Dragons,2102-04-03 23:17:00,2102-04-03 23:47:51,257.0833333333333
Daring Dragons,2102-04-06 03:32:00,2102-04-06 04:02:51,257.0833333333333
Daring Dragons,2102-04-13 22:51:00,2102-04-14 02:19:54,1740.8333333333335
Daring Dragons,2102-04-18 00:56:00,2102-04-18 01:36:27,337.08333333333337
Daring Dragons,2102-04-21 00:30:00,2102-04-21 04:11:06,1842.5
Daring Dragons,2102-04-28 22:50:00,2102-04-29 01:13:22,1194.7222222222222
Daring Dragons,2102-05-01 20:23:00,2102-05-01 22:13:51,923.75
Daring Dragons,2102-05-05 21:00:00,2102-05-05 22:11:50,598.6111111111111
Daring Dragons,2102-05-12 04:11:00,2102-05-12 04:53:09,351.25
Daring Dragons,2102-05-15 22:55:00,2102-05-16 01:01:58,1058.0555555555554
Daring Dragons,2102-05-19 05:00:00,2102-05-19 07:40:33,1337.916666666667
Daring Dragons,2102-05-22 22:11:00,2102-05-22 23:30:58,666.3888888888889
Daring Dragons,2102-06-01 23:13:00,2102-06-02 02:40:45,1731.25
Daring Dragons,2102-06-07 05:39:00,2102-06-07 05:49:22,86.38888888888889
Daring Dragons,2102-06-10 06:15:00,2102-06-10 06:59:47,373.19444444444446
Daring Dragons,2102-06-13 01:11:00,2102-06-13 04:53:11,1851.5277777777778
Daring Dragons,2102-06-19 21:51:00,2102-06-19 22:40:18,410.8333333333333
Daring Dragons,2102-06-22 21:16:00,2102-06-23 04:42:16,3718.8888888888887
Daring Dragons,2102-06-26 19:14:00,2102-06-27 03:07:49,3948.472222222222
Daring Dragons,2102-07-04 03:58:00,2102-07-04 04:07:10,76.38888888888889
Daring Dragons,2102-07-07 23:05:00,2102-07-08 00:33:25,736.8055555555557
Daring Dragons,2102-07-10 23:04:00,2102-07-11 00:29:49,715.1388888888889
Daring Dragons,2102-07-24 22:53:00,2102-07-24 22:53:59,8.194444444444443
Daring Dragons,2102-07-28 05:28:00,2102-07-28 05:59:08,259.4444444444444
Daring Dragons,2102-07-31 22:18:00,2102-07-31 22:49:54,265.8333333333333
Daring Dragons,2102-08-07 23:12:00,2102-08-08 00:38:25,720.1388888888889
Daring Dragons,2102-08-11 04:16:00,2102-08-11 04:57:36,346.6666666666667
Daring Dragons,2102-08-14 22:33:00,2102-08-14 23:25:11,434.8611111111111
Daring Dragons,2102-08-21 22:22:00,2102-08-21 22:50:30,237.5
Daring Dragons,2102-08-24 22:24:00,2102-08-24 22:48:35,204.86111111111111
Daring Dragons,2102-08-28 22:15:00,2102-08-28 23:04:18,410.8333333333333
Daring Dragons,2102-08-31 22:51:00,2102-08-31 23:21:51,257.0833333333333
Daring Dragons,2102-09-04 21:27:00,2102-09-04 21:57:51,257.0833333333333
Daring Dragons,2102-09-11 22:37:00,2102-09-12 00:27:03,917.0833333333334
Daring Dragons,2102-09-14 23:54:00,2102-09-15 01:04:20,586.111111111111
Daring Dragons,2102-09-19 04:19:00,2102-09-19 07:13:11,1451.5277777777778
Daring Dragons,2102-09-25 22:51:00,2102-09-26 04:07:26,2636.9444444444443
Daring Dragons,2102-09-30 04:03:00,2102-09-30 09:28:32,2712.7777777777783
Elegant Eagles,2102-04-03 21:40:00,2102-04-03 23:19:59,833.1944444444445
Elegant Eagles,2102-04-06 21:37:00,2102-04-06 23:16:59,833.1944444444445
Elegant Eagles,2102-04-14 21:48:00,2102-04-15 00:01:24,1111.6666666666667
Elegant Eagles,2102-04-17 22:17:00,2102-04-17 23:06:18,410.8333333333333
Elegant Eagles,2102-04-20 21:00:00,2102-04-20 22:34:48,789.9999999999999
Elegant Eagles,2102-04-28 02:47:00,2102-04-28 04:48:22,1011.3888888888889
Elegant Eagles,2102-05-01 23:34:00,2102-05-02 01:35:22,1011.3888888888889
Elegant Eagles,2102-05-08 22:56:00,2102-05-09 00:40:07,867.6388888888888
Elegant Eagles,2102-05-12 02:58:00,2102-05-12 03:19:22,178.05555555555554
Elegant Eagles,2102-05-15 22:26:00,2102-05-15 22:26:47,6.527777777777778
Elegant Eagles,2102-05-19 21:32:00,2102-05-19 23:35:17,1027.361111111111
Elegant Eagles,2102-05-29 20:28:00,2102-05-29 22:30:20,1019.4444444444443
Elegant Eagles,2102-06-01 23:13:00,2102-06-02 00:54:41,847.3611111111111
Elegant Eagles,2102-06-07 00:40:00,2102-06-07 03:03:46,1198.0555555555557
Elegant Eagles,2102-06-12 22:02:00,2102-06-13 02:47:33,2379.5833333333335
Elegant Eagles,2102-06-17 00:32:00,2102-06-17 01:25:59,449.8611111111111
Elegant Eagles,2102-06-20 01:10:00,2102-06-20 05:19:24,2078.3333333333335
Elegant Eagles,2102-06-26 22:23:00,2102-06-27 01:57:21,1786.25
Elegant Eagles,2102-07-01 00:16:00,2102-07-01 02:29:41,1114.0277777777778
Elegant Eagles,2102-07-04 00:52:00,2102-07-04 05:55:06,2525.8333333333335
Elegant Eagles,2102-07-10 22:09:00,2102-07-11 00:13:04,1033.888888888889
Elegant Eagles,2102-07-17 23:04:00,2102-07-17 23:59:06,459.1666666666667
Elegant Eagles,2102-07-20 22:43:00,2102-07-21 00:34:10,926.3888888888889
Elegant Eagles,2102-07-27 20:23:00,2102-07-27 21:56:44,781.1111111111111
Elegant Eagles,2102-07-31 22:49:00,2102-08-01 01:39:55,1424.3055555555554
Elegant Eagles,2102-08-04 03:41:00,2102-08-04 04:38:55,482.6388888888889
Elegant Eagles,2102-08-07 22:28:00,2102-08-08 00:28:50,1006.9444444444445
Elegant Eagles,2102-08-14 22:30:00,2102-08-15 03:16:48,2390.0
Elegant Eagles,2102-08-18 00:10:00,2102-08-18 00:54:47,373.19444444444446
Elegant Eagles,2102-08-21 05:59:00,2102-08-21 10:13:36,2121.6666666666665
Elegant Eagles,2102-08-28 22:25:00,2102-08-28 22:49:26,203.61111111111111
Elegant Eagles,2102-09-01 03:12:00,2102-09-01 05:22:42,1089.1666666666665
Elegant Eagles,2102-09-05 01:21:00,2102-09-05 03:15:00,950.0
Elegant Eagles,2102-09-11 21:41:00,2102-09-12 00:20:03,1325.4166666666667
Elegant Eagles,2102-09-14 22:02:00,2102-09-14 23:54:30,937.5
Elegant Eagles,2102-09-18 22:41:00,2102-09-19 00:25:07,867.6388888888888
Elegant Eagles,2102-09-25 22:04:00,2102-09-26 00:27:46,1198.0555555555557
Elegant Eagles,2102-09-29 02:36:00,2102-09-29 03:27:24,428.33333333333337
Fierce Falcons,2102-04-06 22:24:00,2102-04-07 00:02:16,818.8888888888889
Fierce Falcons,2102-04-10 22:51:00,2102-04-11 00:29:16,818.8888888888889
Fierce Falcons,2102-04-14 04:29:00,2102-04-14 04:56:39,230.41666666666666
Fierce Falcons,2102-04-18 04:09:00,2102-04-18 05:26:17,644.0277777777777
Fierce Falcons,2102-04-20 22:50:00,2102-04-20 23:45:06,459.1666666666667
Fierce Falcons,2102-04-24 23:06:00,2102-04-25 00:45:22,828.0555555555555
Fierce Falcons,2102-04-27 21:09:00,2102-04-27 22:48:22,828.0555555555555
Fierce Falcons,2102-05-04 23:10:00,2102-05-05 01:34:12,1201.6666666666667
Fierce Falcons,2102-05-09 01:13:00,2102-05-09 03:10:40,980.5555555555557
Fierce Falcons,2102-05-12 00:13:00,2102-05-12 01:34:35,679.861111111111
Fierce Falcons,2102-05-16 00:53:00,2102-05-16 03:47:28,1453.888888888889
Fierce Falcons,2102-05-22 23:25:00,2102-05-23 01:35:03,1083.75
Fierce Falcons,2102-05-25 20:56:00,2102-05-25 21:19:36,196.66666666666669
Fierce Falcons,2102-05-29 22:05:00,2102-05-29 22:52:36,396.6666666666667
Fierce Falcons,2102-06-01 21:54:00,2102-06-01 23:55:31,1012.6388888888889
Fierce Falcons,2102-06-09 04:22:00,2102-06-09 06:13:10,926.3888888888889
Fierce Falcons,2102-06-12 22:02:00,2102-06-12 23:53:10,926.3888888888889
Fierce Falcons,2102-06-19 23:43:00,2102-06-20 01:20:38,813.6111111111112
Fierce Falcons,2102-06-23 04:36:00,2102-06-23 06:01:39,713.75
Fierce Falcons,2102-06-26 22:24:00,2102-06-27 01:11:04,1392.2222222222222
Fierce Falcons,2102-07-04 23:09:00,2102-07-05 02:16:27,1562.0833333333333
Fierce Falcons,2102-07-08 04:24:00,2102-07-08 05:11:01,391.8055555555556
Fierce Falcons,2102-07-10 20:30:00,2102-07-10 22:53:51,1198.75
Fierce Falcons,2102-07-24 22:58:00,2102-07-24 23:25:39,230.41666666666666
Fierce Falcons,2102-07-28 05:08:00,2102-07-28 07:44:12,1301.6666666666665
Fierce Falcons,2102-08-01 01:18:00,2102-08-01 03:37:48,1165.0
Fierce Falcons,2102-08-07 22:55:00,2102-08-08 01:49:28,1453.888888888889
Fierce Falcons,2102-08-10 23:54:00,2102-08-10 23:55:15,10.416666666666666
Fierce Falcons,2102-08-15 00:35:00,2102-08-15 03:30:44,1464.4444444444443
Fierce Falcons,2102-08-21 23:43:00,2102-08-22 01:27:08,867.7777777777778
Fierce Falcons,2102-08-24 06:30:00,2102-08-24 09:03:21,1277.9166666666665
Fierce Falcons,2102-08-29 00:20:00,2102-08-29 02:22:50,1023.611111111111
Fierce Falcons,2102-09-01 03:57:00,2102-09-01 06:44:24,1395.0
Fierce Falcons,2102-09-11 23:18:00,2102-09-12 01:43:56,1216.111111111111
Fierce Falcons,2102-09-16 04:25:00,2102-09-16 04:47:39,188.75
Fierce Falcons,2102-09-18 22:06:00,2102-09-19 00:10:41,1039.0277777777778
Fierce Falcons,2102-09-25 23:37:00,2102-09-26 02:01:12,1201.6666666666667
Fierce Falcons,2102-09-29 06:13:00,2102-09-29 08:10:40,980.5555555555557
Gallant Giants,2102-04-07 22:40:00,2102-04-08 01:40:54,1507.5
Gallant Giants,2102-04-11 00:20:00,2102-04-11 03:15:44,1464.4444444444443
Gallant Giants,2102-04-14 04:29:00,2102-04-14 05:24:06,459.1666666666667
Gallant Giants,2102-04-20 22:50:00,2102-04-21 01:31:34,1346.388888888889
Gallant Giants,2102-04-25 00:18:00,2102-04-25 00:58:15,335.41666666666663
Gallant Giants,2102-04-28 00:11:00,2102-04-28 02:44:21,1277.9166666666665
Gallant Giants,2102-05-01 23:00:00,2102-05-01 23:49:43,414.3055555555556
Gallant Giants,2102-05-12 23:30:00,2102-05-13 00:22:21,436.25
Gallant Giants,2102-05-15 22:54:00,2102-05-16 02:21:56,1732.7777777777778
Gallant Giants,2102-05-19 01:15:00,2102-05-19 04:42:41,1730.6944444444446
Gallant Giants,2102-05-22 22:36:00,2102-05-22 23:24:56,407.7777777777777
Gallant Giants,2102-05-29 22:45:00,2102-05-29 23:12:55,232.63888888888889
Gallant Giants,2102-06-01 04:04:00,2102-06-01 04:31:55,232.63888888888889
Gallant Giants,2102-06-05 22:57:00,2102-06-06 01:25:11,1234.861111111111
Gallant Giants,2102-06-09 02:13:00,2102-06-09 04:07:44,956.1111111111111
Gallant Giants,2102-06-12 22:11:00,2102-06-13 00:05:38,955.2777777777778
Gallant Giants,2102-06-19 22:41:00,2102-06-19 23:57:47,639.8611111111111
Gallant Giants,2102-06-22 21:42:00,2102-06-22 23:42:50,1006.9444444444445
Gallant Giants,2102-06-26 22:23:00,2102-06-27 00:27:04,1033.888888888889
Gallant Giants,2102-07-03 22:50:00,2102-07-03 23:39:43,414.3055555555556
Gallant Giants,2102-07-07 03:57:00,2102-07-07 05:12:40,630.5555555555557
Gallant Giants,2102-07-10 22:04:00,2102-07-10 23:27:21,694.5833333333334
Gallant Giants,2102-07-21 22:17:00,2102-07-22 00:28:11,1093.1944444444446
Gallant Giants,2102-07-24 22:22:00,2102-07-24 23:10:44,406.11111111111114
Gallant Giants,2102-07-27 22:17:00,2102-07-27 23:40:21,694.5833333333334
Gallant Giants,2102-08-04 22:24:00,2102-08-05 00:27:34,1029.7222222222222
Gallant Giants,2102-08-07 21:52:00,2102-08-07 22:24:29,270.69444444444446
Gallant Giants,2102-08-12 03:54:00,2102-08-12 06:23:00,1241.6666666666667
Gallant Giants,2102-08-18 22:49:00,2102-08-18 23:38:15,410.41666666666663
Gallant Giants,2102-08-21 22:22:00,2102-08-22 02:03:06,1842.5
Gallant Giants,2102-08-25 00:20:00,2102-08-25 01:41:35,679.861111111111
Gallant Giants,2102-08-29 00:27:00,2102-08-29 03:28:04,1508.888888888889
Gallant Giants,2102-09-08 04:17:00,2102-09-08 05:58:10,843.0555555555555
Gallant Giants,2102-09-11 22:24:00,2102-09-11 23:16:23,436.52777777777777
Gallant Giants,2102-09-15 04:19:00,2102-09-15 05:07:56,407.7777777777777
Gallant Giants,2102-09-21 22:50:00,2102-09-22 00:07:17,644.0277777777777
Gallant Giants,2102-09-25 22:47:00,2102-09-26 00:59:42,1105.8333333333333
Gallant Giants,2102-09-29 23:46:00,2102-09-30 01:02:47,639.8611111111111
Heroic Hippos,2102-04-06 03:32:00,2102-04-06 04:32:06,500.83333333333337
Heroic Hippos,2102-04-10 21:47:00,2102-04-11 02:53:39,2555.4166666666665
Heroic Hippos,2102-04-14 03:52:00,2102-04-14 08:43:55,2432.638888888889
Heroic Hippos,2102-04-20 21:00:00,2102-04-20 21:30:47,256.52777777777777
Heroic Hippos,2102-04-24 21:55:00,2102-04-24 22:25:47,256.52777777777777
Heroic Hippos,2102-04-27 21:09:00,2102-04-28 01:12:20,2027.7777777777776
Heroic Hippos,2102-05-02 00:55:00,2102-05-02 01:48:59,449.8611111111111
Heroic Hippos,2102-05-05 01:05:00,2102-05-05 04:49:17,1869.0277777777778
Heroic Hippos,2102-05-12 21:02:00,2102-05-12 22:56:24,953.3333333333334
Heroic Hippos,2102-05-15 22:32:00,2102-05-16 01:58:52,1723.888888888889
Heroic Hippos,2102-05-18 23:49:00,2102-05-19 02:00:02,1091.9444444444443
Heroic Hippos,2102-05-26 21:04:00,2102-05-26 21:34:51,257.0833333333333
Heroic Hippos,2102-05-29 23:35:00,2102-05-30 01:16:41,847.3611111111111
Heroic Hippos,2102-06-03 03:48:00,2102-06-03 05:16:21,736.25
Heroic Hippos,2102-06-09 21:13:00,2102-06-09 21:49:55,307.63888888888886
Heroic Hippos,2102-06-12 22:58:00,2102-06-12 23:25:55,232.63888888888889
Heroic Hippos,2102-06-16 04:50:00,2102-06-16 06:07:17,644.0277777777777
Heroic Hippos,2102-06-19 23:22:00,2102-06-20 01:09:05,892.3611111111111
Heroic Hippos,2102-06-26 23:08:00,2102-06-26 23:58:41,422.3611111111111
Heroic Hippos,2102-06-30 04:59:00,2102-06-30 05:49:41,422.3611111111111
Heroic Hippos,2102-07-03 22:07:00,2102-07-03 22:55:21,402.9166666666667
Heroic Hippos,2102-07-08 00:01:00,2102-07-08 01:17:44,639.4444444444445
Heroic Hippos,2102-07-10 22:14:00,2102-07-10 22:53:07,325.97222222222223
Heroic Hippos,2102-07-24 22:25:00,2102-07-24 23:04:07,325.97222222222223
Heroic Hippos,2102-07-27 22:19:00,2102-07-28 01:47:27,1737.0833333333333
Heroic Hippos,2102-08-01 00:23:00,2102-08-01 03:51:54,1740.8333333333335
Heroic Hippos,2102-08-05 04:48:00,2102-08-05 05:18:51,257.0833333333333
Heroic Hippos,2102-08-10 21:46:00,2102-08-10 22:16:47,256.52777777777777
Heroic Hippos,2102-08-15 03:44:00,2102-08-15 04:14:47,256.52777777777777
Heroic Hippos,2102-08-21 22:21:00,2102-08-22 02:06:34,1879.7222222222224
Heroic Hippos,2102-08-25 06:47:00,2102-08-25 07:27:15,335.41666666666663
Heroic Hippos,2102-08-29 00:46:00,2102-08-29 02:04:14,651.9444444444445
Heroic Hippos,2102-09-01 00:17:00,2102-09-01 04:21:29,2037.361111111111
Heroic Hippos,2102-09-11 22:08:00,2102-09-11 22:36:24,236.66666666666666
Heroic Hippos,2102-09-15 21:36:00,2102-09-15 22:34:34,488.0555555555556
Heroic Hippos,2102-09-18 22:33:00,2102-09-18 23:42:07,575.9722222222222
Heroic Hippos,2102-09-25 22:16:00,2102-09-25 22:42:43,222.63888888888889
Heroic Hippos,2102-09-29 02:37:00,2102-09-29 03:35:59,491.52777777777777
Ingenious Iguanas,2102-04-06 21:42:00,2102-04-06 22:21:06,325.83333333333337
Ingenious Iguanas,2102-04-10 22:59:00,2102-04-11 00:48:06,909.1666666666665
Ingenious Iguanas,2102-04-13 23:44:00,2102-04-14 01:19:28,795.5555555555555
Ingenious Iguanas,2102-04-20 22:14:00,2102-04-21 01:40:28,1720.5555555555557
Ingenious Iguanas,2102-04-25 00:57:00,2102-04-25 02:18:21,677.9166666666666
Ingenious Iguanas,2102-04-29 00:29:00,2102-04-29 01:10:28,345.55555555555554
Ingenious Iguanas,2102-05-02 00:56:00,2102-05-02 04:06:17,1585.6944444444446
Ingenious Iguanas,2102-05-08 22:58:00,2102-05-08 23:29:54,265.8333333333333
Ingenious Iguanas,2102-05-12 04:11:00,2102-05-12 05:52:41,847.3611111111111
Ingenious Iguanas,2102-05-16 04:11:00,2102-05-16 06:15:01,1033.4722222222222
Ingenious Iguanas,2102-05-22 23:15:00,2102-05-22 23:51:55,307.63888888888886
Ingenious Iguanas,2102-05-26 21:04:00,2102-05-26 21:30:43,222.63888888888889
Ingenious Iguanas,2102-05-29 22:18:00,2102-05-29 23:16:59,491.52777777777777
Ingenious Iguanas,2102-06-01 04:04:00,2102-06-01 05:10:50,556.9444444444443
Ingenious Iguanas,2102-06-05 19:49:00,2102-06-05 21:59:03,1083.75
Ingenious Iguanas,2102-06-09 04:22:00,2102-06-09 05:29:14,560.2777777777777
Ingenious Iguanas,2102-06-15 22:07:00,2102-06-15 23:52:38,880.2777777777778
Ingenious Iguanas,2102-06-19 22:42:00,2102-06-19 23:07:29,212.36111111111111
Ingenious Iguanas,2102-06-23 00:17:00,2102-06-23 07:37:16,3668.8888888888887
Ingenious Iguanas,2102-06-26 19:14:00,2102-06-27 03:38:26,4203.611111111111
Ingenious Iguanas,2102-07-03 22:52:00,2102-07-04 00:59:14,1060.2777777777778
Ingenious Iguanas,2102-07-08 03:24:00,2102-07-08 05:46:25,1186.8055555555554
Ingenious Iguanas,2102-07-10 22:53:00,2102-07-10 23:24:08,259.4444444444444
Ingenious Iguanas,2102-07-20 22:59:00,2102-07-20 23:30:54,265.8333333333333
Ingenious Iguanas,2102-07-24 22:53:00,2102-07-25 01:47:11,1451.5277777777778
Ingenious Iguanas,2102-07-28 00:49:00,2102-07-28 03:21:23,1269.861111111111
Ingenious Iguanas,2102-08-07 22:51:00,2102-08-08 00:35:00,866.6666666666667
Ingenious Iguanas,2102-08-12 02:49:00,2102-08-12 04:53:04,1033.888888888889
Ingenious Iguanas,2102-08-14 03:51:00,2102-08-14 04:18:55,232.63888888888889
Ingenious Iguanas,2102-08-21 23:14:00,2102-08-22 00:20:50,556.9444444444443
Ingenious Iguanas,2102-08-24 23:13:00,2102-08-24 23:43:59,258.19444444444446
Ingenious Iguanas,2102-08-28 22:17:00,2102-08-28 23:53:56,807.7777777777778
Ingenious Iguanas,2102-09-04 23:06:00,2102-09-05 03:57:12,2426.666666666667
Ingenious Iguanas,2102-09-09 04:05:00,2102-09-09 08:56:55,2432.638888888889
Ingenious Iguanas,2102-09-11 22:08:00,2102-09-11 22:58:41,422.3611111111111
Ingenious Iguanas,2102-09-15 03:16:00,2102-09-15 04:43:36,730.0
Ingenious Iguanas,2102-09-22 21:33:00,2102-09-23 00:40:23,1561.5277777777776
Ingenious Iguanas,2102-09-26 00:48:00,2102-09-26 04:15:56,1732.7777777777778
Ingenious Iguanas,2102-09-30 00:33:00,2102-09-30 01:12:06,325.83333333333337
Jovial Jaguars,2102-04-06 21:20:00,2102-04-06 23:31:43,1097.638888888889
Jovial Jaguars,2102-04-10 22:32:00,2102-04-10 22:42:56,91.11111111111111
Jovial Jaguars,2102-04-14 00:45:00,2102-04-14 02:47:15,1018.75
Jovial Jaguars,2102-04-20 22:47:00,2102-04-21 00:57:42,1089.1666666666665
Jovial Jaguars,2102-04-24 22:07:00,2102-04-25 03:19:29,2604.027777777778
Jovial Jaguars,2102-04-28 23:55:00,2102-04-29 02:59:36,1538.3333333333333
Jovial Jaguars,2102-05-06 00:46:00,2102-05-06 03:09:22,1194.7222222222222
Jovial Jaguars,2102-05-09 00:09:00,2102-05-09 03:03:11,1451.5277777777778
Jovial Jaguars,2102-05-12 00:25:00,2102-05-12 04:22:10,1976.3888888888887
Jovial Jaguars,2102-05-19 21:26:00,2102-05-20 02:36:29,2587.3611111111113
Jovial Jaguars,2102-05-23 00:29:00,2102-05-23 02:22:27,945.4166666666666
Jovial Jaguars,2102-05-27 00:24:00,2102-05-27 02:02:40,822.2222222222223
Jovial Jaguars,2102-05-30 00:55:00,2102-05-30 05:32:25,2311.805555555556
Jovial Jaguars,2102-06-09 02:13:00,2102-06-09 04:35:25,1186.8055555555554
Jovial Jaguars,2102-06-12 22:47:00,2102-06-13 02:15:06,1734.1666666666667
Jovial Jaguars,2102-06-16 06:24:00,2102-06-16 11:02:55,2324.3055555555557
Jovial Jaguars,2102-06-19 21:56:00,2102-06-19 23:46:51,923.75
Jovial Jaguars,2102-06-26 21:47:00,2102-06-27 00:17:46,1256.388888888889
Jovial Jaguars,2102-07-01 02:31:00,2102-07-01 08:04:49,2781.8055555555557
Jovial Jaguars,2102-07-03 22:07:00,2102-07-04 01:11:36,1538.3333333333333
Jovial Jaguars,2102-07-10 22:02:00,2102-07-10 23:56:44,956.1111111111111
Jovial Jaguars,2102-07-17 22:19:00,2102-07-17 23:46:36,730.0
Jovial Jaguars,2102-07-20 22:59:00,2102-07-21 01:06:14,1060.2777777777778
Jovial Jaguars,2102-07-24 22:29:00,2102-07-24 22:53:26,203.61111111111111
Jovial Jaguars,2102-07-27 20:23:00,2102-07-27 20:47:26,203.61111111111111
Jovial Jaguars,2102-08-04 20:29:00,2102-08-04 22:43:45,1122.9166666666665
Jovial Jaguars,2102-08-07 22:55:00,2102-08-08 00:34:22,828.0555555555555
Jovial Jaguars,2102-08-10 21:46:00,2102-08-10 23:40:24,953.3333333333334
Jovial Jaguars,2102-08-18 03:35:00,2102-08-18 08:15:01,2333.472222222222
Jovial Jaguars,2102-08-21 05:15:00,2102-08-21 05:28:35,113.19444444444444
Jovial Jaguars,2102-08-25 00:33:00,2102-08-25 05:04:54,2265.833333333333
Jovial Jaguars,2102-09-01 03:12:00,2102-09-01 05:02:51,923.75
Jovial Jaguars,2102-09-04 22:28:00,2102-09-05 00:18:51,923.75
Jovial Jaguars,2102-09-09 03:20:00,2102-09-09 05:22:15,1018.75
Jovial Jaguars,2102-09-11 22:07:00,2102-09-11 23:30:34,696.3888888888888
Jovial Jaguars,2102-09-15 22:43:00,2102-09-16 01:15:22,1269.7222222222222
Jovial Jaguars,2102-09-25 22:26:00,2102-09-26 00:37:43,1097.638888888889
Jovial Jaguars,2102-09-30 06:38:00,2102-09-30 07:16:51,323.75000000000006
Jovial Jaguars,2102-10-02 23:22:00,2102-10-03 00:00:51,323.75000000000006
Knightly Kangaroos,2102-04-06 22:45:00,2102-04-07 00:51:58,1058.0555555555554
Knightly Kangaroos,2102-04-10 22:43:00,2102-04-11 00:12:02,741.9444444444445
Knightly Kangaroos,2102-04-13 21:26:00,2102-04-13 23:42:22,1136.388888888889
Knightly Kangaroos,2102-04-21 04:34:00,2102-04-21 08:24:52,1923.888888888889
Knightly Kangaroos,2102-04-24 22:27:00,2102-04-25 01:45:30,1654.1666666666665
Knightly Kangaroos,2102-04-28 02:47:00,2102-04-28 04:20:44,781.1111111111111
Knightly Kangaroos,2102-05-04 22:24:00,2102-05-05 02:10:45,1889.5833333333335
Knightly Kangaroos,2102-05-09 00:52:00,2102-05-09 02:49:40,980.5555555555557
Knightly Kangaroos,2102-05-12 00:45:00,2102-05-12 04:12:45,1731.25
Knightly Kangaroos,2102-05-15 22:43:00,2102-05-16 00:35:39,938.7500000000001
Knightly Kangaroos,2102-05-22 22:36:00,2102-05-23 00:36:27,1003.7499999999999
Knightly Kangaroos,2102-05-25 21:19:00,2102-05-26 00:57:57,1824.5833333333333
Knightly Kangaroos,2102-05-30 00:44:00,2102-05-30 03:59:44,1631.1111111111109
Knightly Kangaroos,2102-06-05 22:30:00,2102-06-06 01:06:02,1300.2777777777778
Knightly Kangaroos,2102-06-10 03:41:00,2102-06-10 04:03:39,188.75
Knightly Kangaroos,2102-06-12 20:59:00,2102-06-12 23:12:41,1114.0277777777778
Knightly Kangaroos,2102-06-22 23:42:00,2102-06-23 02:26:37,1371.8055555555557
Knightly Kangaroos,2102-06-27 04:14:00,2102-06-27 07:24:17,1585.6944444444446
Knightly Kangaroos,2102-07-01 04:03:00,2102-07-01 05:10:14,560.2777777777777
Knightly Kangaroos,2102-07-04 23:09:00,2102-07-04 23:36:39,230.41666666666666
Knightly Kangaroos,2102-07-10 22:38:00,2102-07-11 01:19:56,1349.4444444444443
Knightly Kangaroos,2102-07-18 04:41:00,2102-07-18 06:19:40,822.2222222222223
Knightly Kangaroos,2102-07-20 23:48:00,2102-07-21 01:40:19,935.9722222222222
Knightly Kangaroos,2102-07-25 00:43:00,2102-07-25 03:58:44,1631.1111111111109
Knightly Kangaroos,2102-08-03 22:53:00,2102-08-04 01:43:55,1424.3055555555554
Knightly Kangaroos,2102-08-07 23:03:00,2102-08-07 23:24:22,178.05555555555554
Knightly Kangaroos,2102-08-11 21:26:00,2102-08-11 23:55:56,1249.4444444444446
Knightly Kangaroos,2102-08-14 22:59:00,2102-08-15 00:54:44,964.4444444444445
Knightly Kangaroos,2102-08-18 03:35:00,2102-08-18 05:30:44,964.4444444444445
Knightly Kangaroos,2102-08-25 23:21:00,2102-08-26 01:33:42,1105.8333333333333
Knightly Kangaroos,2102-08-28 22:50:00,2102-08-29 00:03:11,609.8611111111112
Knightly Kangaroos,2102-09-01 01:16:00,2102-09-01 04:28:09,1601.25
Knightly Kangaroos,2102-09-05 03:54:00,2102-09-05 04:21:39,230.41666666666666
Knightly Kangaroos,2102-09-08 04:50:00,2102-09-08 05:17:39,230.41666666666666
Knightly Kangaroos,2102-09-15 03:48:00,2102-09-15 05:05:17,644.0277777777777
Knightly Kangaroos,2102-09-18 22:35:00,2102-09-18 23:52:17,644.0277777777777
Knightly Kangaroos,2102-09-25 22:47:00,2102-09-26 02:33:45,1889.5833333333335
Knightly Kangaroos,2102-09-29 06:55:00,2102-09-29 09:08:41,1114.0277777777778
Luminous Lions,2102-04-06 01:05:00,2102-04-06 06:53:12,2901.6666666666665
Luminous Lions,2102-04-11 04:00:00,2102-04-11 09:15:47,2631.527777777778
Luminous Lions,2102-04-13 22:01:00,2102-04-14 02:53:20,2436.111111111111
Luminous Lions,2102-04-21 00:23:00,2102-04-21 00:58:53,299.02777777777777
Luminous Lions,2102-04-25 01:11:00,2102-04-25 04:05:11,1451.5277777777778
Luminous Lions,2102-04-28 22:50:00,2102-04-29 02:13:28,1695.5555555555554
Luminous Lions,2102-05-02 00:57:00,2102-05-02 03:50:32,1446.111111111111
Luminous Lions,2102-05-09 04:22:00,2102-05-09 07:25:39,1530.4166666666667
Luminous Lions,2102-05-12 21:44:00,2102-05-13 00:46:23,1519.861111111111
Luminous Lions,2102-05-16 00:24:00,2102-05-16 00:37:35,113.19444444444444
Luminous Lions,2102-05-23 00:48:00,2102-05-23 05:20:35,2271.5277777777774
Luminous Lions,2102-05-27 01:24:00,2102-05-27 01:49:27,212.08333333333331
Luminous Lions,2102-05-29 22:17:00,2102-05-30 00:29:06,1100.8333333333333
Luminous Lions,2102-06-02 21:37:00,2102-06-03 02:08:54,2265.833333333333
Luminous Lions,2102-06-09 00:56:00,2102-06-09 02:36:00,833.3333333333334
Luminous Lions,2102-06-13 01:13:00,2102-06-13 02:53:00,833.3333333333334
Luminous Lions,2102-06-20 01:10:00,2102-06-20 02:04:58,458.05555555555554
Luminous Lions,2102-06-24 00:04:00,2102-06-24 00:58:58,458.05555555555554
Luminous Lions,2102-06-27 01:19:00,2102-06-27 05:32:32,2112.777777777778
Luminous Lions,2102-06-30 21:49:00,2102-06-30 22:19:47,256.52777777777777
Luminous Lions,2102-07-03 22:07:00,2102-07-04 01:51:17,1869.0277777777778
Luminous Lions,2102-07-11 00:52:00,2102-07-11 05:36:08,2367.7777777777774
Luminous Lions,2102-07-18 02:01:00,2102-07-18 02:41:30,337.5
Luminous Lions,2102-07-21 22:00:00,2102-07-21 22:24:41,205.69444444444446
Luminous Lions,2102-07-24 20:31:00,2102-07-25 00:27:12,1968.3333333333333
Luminous Lions,2102-08-01 01:18:00,2102-08-01 02:58:00,833.3333333333334
Luminous Lions,2102-08-04 00:06:00,2102-08-04 01:46:00,833.3333333333334
Luminous Lions,2102-08-09 00:56:00,2102-08-09 03:03:37,1063.4722222222222
Luminous Lions,2102-08-11 06:33:00,2102-08-11 08:46:41,1114.0277777777778
Luminous Lions,2102-08-15 00:58:00,2102-08-15 01:33:53,299.02777777777777
Luminous Lions,2102-08-25 00:33:00,2102-08-25 04:00:56,1732.7777777777778
Luminous Lions,2102-08-28 23:17:00,2102-08-28 23:56:06,325.83333333333337
Luminous Lions,2102-08-31 22:53:00,2102-09-01 02:00:23,1561.5277777777776
Luminous Lions,2102-09-08 01:10:00,2102-09-08 03:46:12,1301.6666666666665
Luminous Lions,2102-09-11 22:59:00,2102-09-12 01:43:37,1371.8055555555557
Luminous Lions,2102-09-15 06:37:00,2102-09-15 07:17:27,337.08333333333337
Luminous Lions,2102-09-19 00:57:00,2102-09-19 01:50:59,449.8611111111111
Luminous Lions,2102-09-26 00:48:00,2102-09-26 01:42:58,458.05555555555554
Luminous Lions,2102-09-29 06:37:00,2102-09-29 10:19:22,1853.0555555555557
Mighty Mammoths,2102-04-07 00:35:00,2102-04-07 05:20:33,2379.5833333333335
Mighty Mammoths,2102-04-10 21:49:00,2102-04-10 23:33:07,867.6388888888888
Mighty Mammoths,2102-04-14 22:03:00,2102-04-15 02:55:48,2440.0
Mighty Mammoths,2102-04-21 00:30:00,2102-04-21 03:24:28,1453.888888888889
Mighty Mammoths,2102-04-24 23:06:00,2102-04-25 01:30:12,1201.6666666666667
Mighty Mammoths,2102-04-29 01:10:00,2102-04-29 01:53:46,364.72222222222223
Mighty Mammoths,2102-05-06 00:11:00,2102-05-06 03:10:45,1497.9166666666665
Mighty Mammoths,2102-05-08 22:31:00,2102-05-09 00:42:11,1093.1944444444446
Mighty Mammoths,2102-05-11 21:22:00,2102-05-12 02:28:54,2557.4999999999995
Mighty Mammoths,2102-05-19 00:28:00,2102-05-19 03:43:44,1631.1111111111109
Mighty Mammoths,2102-05-22 22:36:00,2102-05-23 02:22:45,1889.5833333333335
Mighty Mammoths,2102-05-27 05:40:00,2102-05-27 07:01:35,679.861111111111
Mighty Mammoths,2102-06-01 23:56:00,2102-06-02 05:05:13,2576.805555555555
Mighty Mammoths,2102-06-05 22:16:00,2102-06-06 00:17:38,1013.6111111111112
Mighty Mammoths,2102-06-08 21:34:00,2102-06-08 22:27:42,447.5
Mighty Mammoths,2102-06-12 23:29:00,2102-06-13 03:07:57,1824.5833333333333
Mighty Mammoths,2102-06-20 00:42:00,2102-06-20 05:00:13,2151.805555555555
Mighty Mammoths,2102-06-23 21:38:00,2102-06-23 22:00:39,188.75
Mighty Mammoths,2102-06-26 22:13:00,2102-06-27 02:43:26,2253.6111111111113
Mighty Mammoths,2102-07-04 01:03:00,2102-07-04 05:12:10,2076.3888888888887
Mighty Mammoths,2102-07-07 21:28:00,2102-07-07 22:41:11,609.8611111111112
Mighty Mammoths,2102-07-10 22:40:00,2102-07-11 04:01:41,2680.6944444444443
Mighty Mammoths,2102-07-25 00:43:00,2102-07-25 00:44:15,10.416666666666666
Mighty Mammoths,2102-07-28 06:13:00,2102-07-28 08:06:27,945.4166666666666
Mighty Mammoths,2102-07-31 23:33:00,2102-08-01 01:12:30,829.1666666666667
Mighty Mammoths,2102-08-05 06:38:00,2102-08-05 07:18:27,337.08333333333337
Mighty Mammoths,2102-08-10 23:54:00,2102-08-11 04:45:07,2425.972222222222
Mighty Mammoths,2102-08-14 22:44:00,2102-08-15 00:09:13,710.1388888888889
Mighty Mammoths,2102-08-18 03:21:00,2102-08-18 06:48:39,1730.4166666666667
Mighty Mammoths,2102-08-25 00:20:00,2102-08-25 04:01:17,1844.0277777777778
Mighty Mammoths,2102-08-28 22:46:00,2102-08-29 02:14:06,1734.1666666666667
Mighty Mammoths,2102-09-01 00:36:00,2102-09-01 01:57:35,679.861111111111
Mighty Mammoths,2102-09-07 23:56:00,2102-09-08 02:50:28,1453.888888888889
Mighty Mammoths,2102-09-11 23:18:00,2102-09-11 23:45:39,230.41666666666666
Mighty Mammoths,2102-09-15 03:48:00,2102-09-15 07:03:44,1631.1111111111109
Mighty Mammoths,2102-09-26 00:41:00,2102-09-26 03:49:31,1570.9722222222224
Mighty Mammoths,2102-09-29 21:53:00,2102-09-30 00:54:49,1515.138888888889
Noble Narwhals,2102-04-06 06:35:00,2102-04-06 07:17:52,357.22222222222223
Noble Narwhals,2102-04-11 00:55:00,2102-04-11 02:13:14,651.9444444444445
Noble Narwhals,2102-04-14 06:55:00,2102-04-14 07:36:28,345.55555555555554
Noble Narwhals,2102-04-21 00:01:00,2102-04-21 03:29:54,1740.8333333333335
Noble Narwhals,2102-04-24 22:42:00,2102-04-24 23:31:18,410.8333333333333
Noble Narwhals,2102-04-28 20:43:00,2102-04-29 00:58:42,2130.8333333333335
Noble Narwhals,2102-05-05 01:06:00,2102-05-05 01:19:35,113.19444444444444
Noble Narwhals,2102-05-09 04:22:00,2102-05-09 07:49:56,1732.7777777777778
Noble Narwhals,2102-05-11 21:51:00,2102-05-12 01:19:27,1737.0833333333333
Noble Narwhals,2102-05-18 23:59:00,2102-05-19 03:09:17,1585.6944444444446
Noble Narwhals,2102-05-22 23:15:00,2102-05-23 04:06:12,2426.666666666667
Noble Narwhals,2102-05-26 04:02:00,2102-05-26 07:20:30,1654.1666666666665
Noble Narwhals,2102-05-29 20:28:00,2102-05-30 00:45:07,2142.638888888889
Noble Narwhals,2102-06-06 03:45:00,2102-06-06 07:32:04,1892.2222222222222
Noble Narwhals,2102-06-09 21:13:00,2102-06-09 22:13:06,500.83333333333337
Noble Narwhals,2102-06-12 22:19:00,2102-06-13 03:05:31,2387.6388888888887
Noble Narwhals,2102-06-20 00:43:00,2102-06-20 00:46:21,27.916666666666664
Noble Narwhals,2102-06-23 06:08:00,2102-06-23 06:11:21,27.916666666666664
Noble Narwhals,2102-06-27 04:14:00,2102-06-27 05:53:30,829.1666666666667
Noble Narwhals,2102-07-01 07:25:00,2102-07-01 08:32:34,563.0555555555555
Noble Narwhals,2102-07-03 22:50:00,2102-07-04 01:33:00,1358.3333333333335
Noble Narwhals,2102-07-10 05:44:00,2102-07-10 10:38:21,2452.916666666667
Noble Narwhals,2102-07-18 02:17:00,2102-07-18 02:38:26,178.61111111111111
Noble Narwhals,2102-07-20 22:23:00,2102-07-21 00:50:08,1226.111111111111
Noble Narwhals,2102-07-24 22:58:00,2102-07-25 01:24:34,1221.388888888889
Noble Narwhals,2102-08-05 06:38:00,2102-08-05 06:51:35,113.19444444444444
Noble Narwhals,2102-08-09 00:56:00,2102-08-09 01:31:53,299.02777777777777
Noble Narwhals,2102-08-11 06:19:00,2102-08-11 07:01:52,357.22222222222223
Noble Narwhals,2102-08-21 05:15:00,2102-08-21 09:20:20,2044.4444444444448
Noble Narwhals,2102-08-26 01:05:00,2102-08-26 02:10:39,547.0833333333334
Noble Narwhals,2102-08-28 22:15:00,2102-08-29 03:25:34,2588.0555555555557
Noble Narwhals,2102-09-05 00:43:00,2102-09-05 05:23:01,2333.472222222222
Noble Narwhals,2102-09-09 03:20:00,2102-09-09 05:10:51,923.75
Noble Narwhals,2102-09-11 23:39:00,2102-09-12 04:14:25,2295.1388888888887
Noble Narwhals,2102-09-15 06:37:00,2102-09-15 08:31:56,957.7777777777778
Noble Narwhals,2102-09-19 00:51:00,2102-09-19 02:45:56,957.7777777777778
Noble Narwhals,2102-09-26 04:02:00,2102-09-26 05:41:30,829.1666666666667
Noble Narwhals,2102-09-30 05:19:00,2102-09-30 07:12:27,945.4166666666666
Ominous Owls,2102-04-07 01:05:00,2102-04-07 05:07:33,2021.2500000000002
Ominous Owls,2102-04-10 23:28:00,2102-04-11 00:05:08,309.44444444444446
Ominous Owls,2102-04-13 22:51:00,2102-04-14 02:18:34,1729.7222222222222
Ominous Owls,2102-04-25 00:57:00,2102-04-25 05:41:59,2374.8611111111113
Ominous Owls,2102-04-28 21:09:00,2102-04-28 21:49:30,337.5
Ominous Owls,2102-05-01 22:47:00,2102-05-02 03:17:26,2253.6111111111113
Ominous Owls,2102-05-06 00:11:00,2102-05-06 01:32:35,679.861111111111
Ominous Owls,2102-05-12 00:13:00,2102-05-12 04:04:57,1932.9166666666665
Ominous Owls,2102-05-15 22:30:00,2102-05-15 23:43:11,609.8611111111112
Ominous Owls,2102-05-19 04:07:00,2102-05-19 09:40:49,2781.8055555555557
Ominous Owls,2102-05-22 21:40:00,2102-05-23 05:11:32,3762.777777777778
Ominous Owls,2102-06-02 06:12:00,2102-06-02 09:32:17,1669.0277777777778
Ominous Owls,2102-06-05 23:26:00,2102-06-06 01:45:48,1165.0
Ominous Owls,2102-06-09 00:56:00,2102-06-09 01:06:22,86.38888888888889
Ominous Owls,2102-06-13 01:02:00,2102-06-13 02:59:40,980.5555555555557
Ominous Owls,2102-06-20 00:31:00,2102-06-20 05:19:15,2402.083333333333
Ominous Owls,2102-06-24 04:01:00,2102-06-24 04:22:22,178.05555555555554
Ominous Owls,2102-06-26 21:56:00,2102-06-27 02:35:22,2328.0555555555557
Ominous Owls,2102-07-04 00:52:00,2102-07-04 02:13:21,677.9166666666666
Ominous Owls,2102-07-07 05:31:00,2102-07-07 08:48:00,1641.6666666666665
Ominous Owls,2102-07-10 22:38:00,2102-07-11 02:24:45,1889.5833333333335
Ominous Owls,2102-07-25 01:09:00,2102-07-25 03:55:53,1390.6944444444443
Ominous Owls,2102-07-27 21:51:00,2102-07-28 00:24:21,1277.9166666666665
Ominous Owls,2102-08-01 00:43:00,2102-08-01 02:56:41,1114.0277777777778
Ominous Owls,2102-08-04 00:59:00,2102-08-04 02:56:40,980.5555555555557
Ominous Owls,2102-08-08 01:01:00,2102-08-08 02:58:40,980.5555555555557
Ominous Owls,2102-08-15 01:22:00,2102-08-15 04:23:04,1508.888888888889
Ominous Owls,2102-08-18 22:49:00,2102-08-19 00:06:17,644.0277777777777
Ominous Owls,2102-08-21 22:22:00,2102-08-22 00:14:39,938.7500000000001
Ominous Owls,2102-08-24 23:24:00,2102-08-25 02:52:06,1734.1666666666667
Ominous Owls,2102-09-01 00:36:00,2102-09-01 05:24:58,2408.055555555555
Ominous Owls,2102-09-04 22:30:00,2102-09-04 23:39:07,575.9722222222222
Ominous Owls,2102-09-08 03:31:00,2102-09-08 05:05:48,789.9999999999999
Ominous Owls,2102-09-11 21:41:00,2102-09-12 02:44:06,2525.8333333333335
Ominous Owls,2102-09-19 00:51:00,2102-09-19 02:12:35,679.861111111111
Ominous Owls,2102-09-22 00:20:00,2102-09-22 03:14:28,1453.888888888889
Ominous Owls,2102-09-25 23:37:00,2102-09-26 02:57:17,1669.0277777777778
Proud Panthers,2102-04-03 23:17:00,2102-04-03 23:26:10,76.38888888888889
Proud Panthers,2102-04-10 22:59:00,2102-04-11 01:54:01,1458.4722222222224
Proud Panthers,2102-04-14 00:20:00,2102-04-14 00:55:53,299.02777777777777
Proud Panthers,2102-04-18 00:32:00,2102-04-18 02:39:37,1063.4722222222222
Proud Panthers,2102-04-21 00:30:00,2102-04-21 03:52:11,1684.861111111111
Proud Panthers,2102-05-01 22:40:00,2102-05-02 00:29:06,909.1666666666665
Proud Panthers,2102-05-05 23:53:00,2102-05-06 01:46:27,945.4166666666666
Proud Panthers,2102-05-09 00:56:00,2102-05-09 04:36:01,1833.4722222222224
Proud Panthers,2102-05-15 22:54:00,2102-05-15 23:33:06,325.83333333333337
Proud Panthers,2102-05-19 04:19:00,2102-05-19 06:03:00,866.6666666666667
Proud Panthers,2102-05-22 22:24:00,2102-05-23 00:35:27,1095.4166666666665
Proud Panthers,2102-05-29 22:57:00,2102-05-29 23:48:59,433.19444444444446
Proud Panthers,2102-06-02 21:27:00,2102-06-02 22:16:18,410.8333333333333
Proud Panthers,2102-06-07 03:21:00,2102-06-07 04:00:07,325.97222222222223
Proud Panthers,2102-06-12 23:29:00,2102-06-13 00:04:33,296.24999999999994
Proud Panthers,2102-06-15 21:33:00,2102-06-15 22:08:33,296.24999999999994
Proud Panthers,2102-06-22 22:55:00,2102-06-22 23:35:36,338.3333333333333
Proud Panthers,2102-06-26 22:41:00,2102-06-26 23:30:20,411.11111111111114
Proud Panthers,2102-07-01 04:04:00,2102-07-01 04:42:51,323.75000000000006
Proud Panthers,2102-07-03 22:14:00,2102-07-03 23:07:42,447.5
Proud Panthers,2102-07-10 22:14:00,2102-07-10 22:53:07,325.97222222222223
Proud Panthers,2102-07-17 22:32:00,2102-07-17 23:32:06,500.83333333333337
Proud Panthers,2102-07-21 20:58:00,2102-07-21 22:21:34,696.3888888888888
Proud Panthers,2102-07-27 22:19:00,2102-07-28 03:44:32,2712.7777777777783
Proud Panthers,2102-07-31 22:05:00,2102-08-01 03:00:27,2462.083333333333
Proud Panthers,2102-08-03 21:25:00,2102-08-03 22:41:44,639.4444444444445
Proud Panthers,2102-08-10 23:02:00,2102-08-10 23:12:09,84.58333333333333
Proud Panthers,2102-08-14 22:51:00,2102-08-15 02:19:54,1740.8333333333335
Proud Panthers,2102-08-19 06:23:00,2102-08-19 08:49:34,1221.388888888889
Proud Panthers,2102-08-21 23:43:00,2102-08-22 01:26:53,865.6944444444446
Proud Panthers,2102-08-28 23:17:00,2102-08-28 23:26:10,76.38888888888889
Proud Panthers,2102-08-31 22:51:00,2102-08-31 23:00:10,76.38888888888889
Proud Panthers,2102-09-04 21:46:00,2102-09-04 22:39:42,447.5
Proud Panthers,2102-09-07 21:21:00,2102-09-07 21:59:22,319.72222222222223
Proud Panthers,2102-09-11 23:24:00,2102-09-12 00:52:25,736.8055555555557
Proud Panthers,2102-09-18 23:25:00,2102-09-19 00:04:06,325.83333333333337
Proud Panthers,2102-09-22 21:33:00,2102-09-22 23:40:14,1060.2777777777778
Proud Panthers,2102-09-25 22:26:00,2102-09-26 00:58:22,1269.7222222222222
Quick Quails,2102-04-03 23:16:00,2102-04-04 01:08:39,938.7500000000001
Quick Quails,2102-04-07 23:00:00,2102-04-07 23:48:58,408.05555555555554
Quick Quails,2102-04-10 21:56:00,2102-04-10 23:25:02,741.9444444444445
Quick Quails,2102-04-13 21:47:00,2102-04-13 22:29:52,357.22222222222223
Quick Quails,2102-04-20 22:33:00,2102-04-21 00:34:22,1011.3888888888889
Quick Quails,2102-04-24 21:42:00,2102-04-24 23:55:24,1111.6666666666667
Quick Quails,2102-04-27 21:39:00,2102-04-27 22:31:23,436.52777777777777
Quick Quails,2102-05-05 23:47:00,2102-05-06 00:17:02,250.27777777777777
Quick Quails,2102-05-09 01:00:00,2102-05-09 02:04:10,534.7222222222222
Quick Quails,2102-05-12 23:30:00,2102-05-13 00:18:56,407.7777777777777
Quick Quails,2102-05-22 22:36:00,2102-05-22 23:12:57,307.9166666666667
Quick Quails,2102-05-25 21:18:00,2102-05-25 21:28:56,91.11111111111111
Quick Quails,2102-05-29 22:53:00,2102-05-29 23:21:32,237.77777777777777
Quick Quails,2102-06-05 22:39:00,2102-06-06 00:04:39,713.75
Quick Quails,2102-06-10 00:37:00,2102-06-10 02:02:39,713.75
Quick Quails,2102-06-12 22:47:00,2102-06-13 02:15:54,1740.8333333333335
Quick Quails,2102-06-17 07:30:00,2102-06-17 09:24:56,957.7777777777778
Quick Quails,2102-06-20 00:31:00,2102-06-20 03:59:06,1734.1666666666667
Quick Quails,2102-06-26 22:46:00,2102-06-27 02:13:45,1731.25
Quick Quails,2102-07-01 00:58:00,2102-07-01 01:41:46,364.72222222222223
Quick Quails,2102-07-04 01:03:00,2102-07-04 04:44:17,1844.0277777777778
Quick Quails,2102-07-10 22:53:00,2102-07-11 04:08:27,2628.7499999999995
Quick Quails,2102-07-17 22:19:00,2102-07-18 03:34:47,2631.527777777778
Quick Quails,2102-07-21 21:47:00,2102-07-21 23:49:50,1023.611111111111
Quick Quails,2102-07-24 23:38:00,2102-07-25 00:20:52,357.22222222222223
Quick Quails,2102-07-31 22:31:00,2102-08-01 00:08:38,813.6111111111112
Quick Quails,2102-08-04 22:32:00,2102-08-05 00:36:41,1039.0277777777778
Quick Quails,2102-08-07 20:43:00,2102-08-07 21:19:57,307.9166666666667
Quick Quails,2102-08-14 22:51:00,2102-08-14 22:51:59,8.194444444444443
Quick Quails,2102-08-18 04:32:00,2102-08-18 06:22:03,917.0833333333334
Quick Quails,2102-08-22 00:14:00,2102-08-22 02:04:07,917.6388888888888
Quick Quails,2102-08-28 22:46:00,2102-08-28 23:58:27,603.75
Quick Quails,2102-08-31 22:14:00,2102-08-31 23:26:27,603.75
Quick Quails,2102-09-04 23:01:00,2102-09-04 23:49:56,407.7777777777777
Quick Quails,2102-09-08 04:17:00,2102-09-08 05:33:47,639.8611111111111
Quick Quails,2102-09-11 21:45:00,2102-09-11 22:13:32,237.77777777777777
Quick Quails,2102-09-18 22:41:00,2102-09-18 23:52:25,595.1388888888889
Quick Quails,2102-09-21 21:52:00,2102-09-21 22:39:01,391.8055555555556
Quick Quails,2102-09-25 23:01:00,2102-09-26 00:42:41,847.3611111111111
Rapid Rabbits,2102-04-03 21:40:00,2102-04-03 23:13:44,781.1111111111111
Rapid Rabbits,2102-04-06 22:45:00,2102-04-07 00:57:42,1105.8333333333333
Rapid Rabbits,2102-04-10 21:48:00,2102-04-10 22:12:41,205.69444444444446
Rapid Rabbits,2102-04-15 04:00:00,2102-04-15 04:24:41,205.69444444444446
Rapid Rabbits,2102-04-20 21:33:00,2102-04-20 22:20:36,396.6666666666667
Rapid Rabbits,2102-04-24 22:19:00,2102-04-24 23:36:16,643.8888888888888
Rapid Rabbits,2102-04-27 22:07:00,2102-04-27 22:37:32,254.44444444444449
Rapid Rabbits,2102-05-05 21:16:00,2102-05-05 22:10:33,454.58333333333326
Rapid Rabbits,2102-05-08 22:58:00,2102-05-08 23:56:59,491.52777777777777
Rapid Rabbits,2102-05-11 21:11:00,2102-05-11 21:21:56,91.11111111111111
Rapid Rabbits,2102-05-18 21:33:00,2102-05-18 22:20:39,397.08333333333337
Rapid Rabbits,2102-05-22 22:24:00,2102-05-23 00:16:29,937.3611111111111
Rapid Rabbits,2102-05-26 05:05:00,2102-05-26 06:21:47,639.8611111111111
Rapid Rabbits,2102-06-01 21:54:00,2102-06-01 22:22:32,237.77777777777777
Rapid Rabbits,2102-06-05 22:39:00,2102-06-05 23:58:42,664.1666666666666
Rapid Rabbits,2102-06-10 02:46:00,2102-06-10 03:39:11,443.1944444444444
Rapid Rabbits,2102-06-15 21:37:00,2102-06-15 22:42:06,542.5
Rapid Rabbits,2102-06-19 22:58:00,2102-06-20 00:03:06,542.5
Rapid Rabbits,2102-06-26 21:21:00,2102-06-26 23:22:31,1012.6388888888889
Rapid Rabbits,2102-06-30 22:59:00,2102-07-01 00:17:30,654.1666666666666
Rapid Rabbits,2102-07-04 00:03:00,2102-07-04 02:21:29,1154.0277777777776
Rapid Rabbits,2102-07-10 22:33:00,2102-07-11 02:24:57,1932.9166666666665
Rapid Rabbits,2102-07-18 00:21:00,2102-07-18 03:22:04,1508.888888888889
Rapid Rabbits,2102-07-21 22:17:00,2102-07-21 23:33:47,639.8611111111111
Rapid Rabbits,2102-07-28 22:14:00,2102-07-29 00:32:39,1155.4166666666667
Rapid Rabbits,2102-07-31 22:35:00,2102-08-01 00:36:38,1013.6111111111112
Rapid Rabbits,2102-08-03 21:18:00,2102-08-03 21:42:35,204.86111111111111
Rapid Rabbits,2102-08-11 21:31:00,2102-08-11 22:44:11,609.8611111111112
Rapid Rabbits,2102-08-14 20:35:00,2102-08-14 22:49:23,1119.861111111111
Rapid Rabbits,2102-08-17 22:21:00,2102-08-17 23:36:40,630.5555555555557
Rapid Rabbits,2102-08-21 21:57:00,2102-08-21 22:07:56,91.11111111111111
Rapid Rabbits,2102-09-01 21:58:00,2102-09-01 22:26:32,237.77777777777777
Rapid Rabbits,2102-09-04 23:01:00,2102-09-05 00:26:39,713.75
Rapid Rabbits,2102-09-09 03:48:00,2102-09-09 04:45:55,482.6388888888889
Rapid Rabbits,2102-09-15 21:36:00,2102-09-16 01:32:16,1968.888888888889
Rapid Rabbits,2102-09-19 00:45:00,2102-09-19 00:48:21,27.916666666666664
Rapid Rabbits,2102-09-22 06:32:00,2102-09-22 07:12:27,337.08333333333337
Rapid Rabbits,2102-09-26 00:41:00,2102-09-26 04:50:10,2076.3888888888887
Shining Sharks,2102-04-04 00:13:00,2102-04-04 00:26:35,113.19444444444444
Shining Sharks,2102-04-06 06:35:00,2102-04-06 08:14:30,829.1666666666667
Shining Sharks,2102-04-13 23:44:00,2102-04-14 01:46:11,1018.1944444444445
Shining Sharks,2102-04-18 00:29:00,2102-04-18 02:31:11,1018.1944444444445
Shining Sharks,2102-04-20 23:42:00,2102-04-21 02:51:02,1575.2777777777778
Shining Sharks,2102-04-24 20:48:00,2102-04-24 21:31:02,358.6111111111111
Shining Sharks,2102-04-27 21:42:00,2102-04-28 00:08:56,1224.4444444444443
Shining Sharks,2102-05-05 23:53:00,2102-05-06 03:09:14,1635.2777777777776
Shining Sharks,2102-05-08 22:46:00,2102-05-08 23:24:51,323.75000000000006
Shining Sharks,2102-05-11 21:43:00,2102-05-12 00:21:03,1317.0833333333335
Shining Sharks,2102-05-18 23:49:00,2102-05-19 01:07:30,654.1666666666666
Shining Sharks,2102-05-22 23:25:00,2102-05-23 00:43:30,654.1666666666666
Shining Sharks,2102-05-30 00:07:00,2102-05-30 01:17:20,586.111111111111
Shining Sharks,2102-06-03 00:33:00,2102-06-03 02:39:11,1051.5277777777778
Shining Sharks,2102-06-05 22:57:00,2102-06-06 00:04:34,563.0555555555555
Shining Sharks,2102-06-13 01:13:00,2102-06-13 04:44:37,1763.4722222222224
Shining Sharks,2102-06-16 05:43:00,2102-06-16 11:16:49,2781.8055555555557
Shining Sharks,2102-06-19 22:36:00,2102-06-20 03:27:55,2432.638888888889
Shining Sharks,2102-06-22 21:00:00,2102-06-22 23:11:02,1091.9444444444443
Shining Sharks,2102-07-04 00:03:00,2102-07-04 01:48:37,880.1388888888888
Shining Sharks,2102-07-06 22:38:00,2102-07-07 01:55:00,1641.6666666666665
Shining Sharks,2102-07-11 00:01:00,2102-07-11 01:54:27,945.4166666666666
Shining Sharks,2102-07-20 23:48:00,2102-07-21 03:14:52,1723.888888888889
Shining Sharks,2102-07-24 22:29:00,2102-07-25 00:19:51,923.75
Shining Sharks,2102-07-27 20:28:00,2102-07-27 23:26:57,1491.25
Shining Sharks,2102-08-04 00:06:00,2102-08-04 01:41:28,795.5555555555555
Shining Sharks,2102-08-07 22:51:00,2102-08-07 23:30:06,325.83333333333337
Shining Sharks,2102-08-10 23:02:00,2102-08-11 02:30:27,1737.0833333333333
Shining Sharks,2102-08-15 00:51:00,2102-08-15 02:30:30,829.1666666666667
Shining Sharks,2102-08-22 00:14:00,2102-08-22 03:16:28,1520.5555555555557
Shining Sharks,2102-08-25 21:50:00,2102-08-25 23:34:07,867.6388888888888
Shining Sharks,2102-08-28 22:04:00,2102-08-29 01:04:45,1506.25
Shining Sharks,2102-09-05 01:22:00,2102-09-05 02:32:20,586.111111111111
Shining Sharks,2102-09-08 00:41:00,2102-09-08 01:59:14,651.9444444444445
Shining Sharks,2102-09-12 04:42:00,2102-09-12 06:35:27,945.4166666666666
Shining Sharks,2102-09-19 00:27:00,2102-09-19 02:07:00,833.3333333333334
Shining Sharks,2102-09-22 00:36:00,2102-09-22 04:03:45,1731.25
Shining Sharks,2102-09-25 22:51:00,2102-09-26 00:41:03,917.0833333333334
Tough Tigers,2102-04-03 21:52:00,2102-04-03 23:17:13,710.1388888888889
Tough Tigers,2102-04-06 21:42:00,2102-04-07 02:33:12,2426.666666666667
Tough Tigers,2102-04-14 03:52:00,2102-04-14 08:53:07,2509.3055555555557
Tough Tigers,2102-04-17 22:31:00,2102-04-18 01:11:39,1338.75
Tough Tigers,2102-04-21 00:23:00,2102-04-21 06:11:12,2901.6666666666665
Tough Tigers,2102-04-28 23:55:00,2102-04-29 05:10:47,2631.527777777778
Tough Tigers,2102-05-02 21:47:00,2102-05-02 23:58:43,1097.638888888889
Tough Tigers,2102-05-06 00:46:00,2102-05-06 03:50:36,1538.3333333333333
Tough Tigers,2102-05-12 04:03:00,2102-05-12 09:34:41,2764.027777777778
Tough Tigers,2102-05-15 22:41:00,2102-05-16 01:06:56,1216.111111111111
Tough Tigers,2102-05-19 04:34:00,2102-05-19 08:52:30,2154.166666666667
Tough Tigers,2102-05-30 04:02:00,2102-05-30 10:42:21,3336.25
Tough Tigers,2102-06-01 23:56:00,2102-06-02 01:13:01,641.8055555555555
Tough Tigers,2102-06-06 01:23:00,2102-06-06 06:47:52,2707.222222222222
Tough Tigers,2102-06-12 21:58:00,2102-06-13 03:16:58,2658.055555555555
Tough Tigers,2102-06-15 21:37:00,2102-06-16 02:55:58,2658.055555555555
Tough Tigers,2102-06-19 22:36:00,2102-06-20 03:42:39,2555.4166666666665
Tough Tigers,2102-06-23 22:02:00,2102-06-23 23:02:06,500.83333333333337
Tough Tigers,2102-06-26 23:08:00,2102-06-27 03:59:55,2432.638888888889
Tough Tigers,2102-07-03 22:07:00,2102-07-04 03:19:29,2604.027777777778
Tough Tigers,2102-07-07 04:06:00,2102-07-07 06:00:00,950.0
Tough Tigers,2102-07-10 22:09:00,2102-07-11 01:27:30,1654.1666666666665
Tough Tigers,2102-07-21 20:49:00,2102-07-22 02:14:32,2712.7777777777783
Tough Tigers,2102-07-24 22:45:00,2102-07-25 00:27:49,856.8055555555555
Tough Tigers,2102-07-28 03:39:00,2102-07-28 09:12:49,2781.8055555555557
Tough Tigers,2102-08-03 20:59:00,2102-08-04 02:15:26,2636.9444444444443
Tough Tigers,2102-08-07 23:12:00,2102-08-08 00:01:18,410.8333333333333
Tough Tigers,2102-08-11 21:21:00,2102-08-11 21:59:51,323.75000000000006
Tough Tigers,2102-08-15 04:13:00,2102-08-15 09:28:47,2631.527777777778
Tough Tigers,2102-08-25 03:55:00,2102-08-25 10:36:29,3345.694444444445
Tough Tigers,2102-08-29 03:57:00,2102-08-29 05:50:27,945.4166666666666
Tough Tigers,2102-09-01 05:15:00,2102-09-01 06:54:30,829.1666666666667
Tough Tigers,2102-09-05 00:43:00,2102-09-05 06:43:57,3007.9166666666665
Tough Tigers,2102-09-11 22:00:00,2102-09-12 03:06:39,2555.4166666666665
Tough Tigers,2102-09-15 03:00:00,2102-09-15 05:02:15,1018.75
Tough Tigers,2102-09-18 22:34:00,2102-09-19 01:38:36,1538.3333333333333
Tough Tigers,2102-09-21 21:26:00,2102-09-22 02:21:27,2462.083333333333
Tough Tigers,2102-09-26 03:32:00,2102-09-26 08:27:27,2462.083333333333
Unyielding Urchins,2102-04-04 00:42:00,2102-04-04 00:55:35,113.19444444444444
Unyielding Urchins,2102-04-06 01:05:00,2102-04-06 01:40:53,299.02777777777777
Unyielding Urchins,2102-04-14 00:20:00,2102-04-14 04:17:10,1976.3888888888887
Unyielding Urchins,2102-04-17 21:51:00,2102-04-17 23:58:14,1060.2777777777778
Unyielding Urchins,2102-04-20 22:14:00,2102-04-21 00:46:23,1269.861111111111
Unyielding Urchins,2102-04-28 00:11:00,2102-04-28 01:21:20,586.111111111111
Unyielding Urchins,2102-05-01 23:41:00,2102-05-02 00:59:30,654.1666666666666
Unyielding Urchins,2102-05-04 23:10:00,2102-05-05 00:54:08,867.7777777777778
Unyielding Urchins,2102-05-16 00:34:00,2102-05-16 01:51:01,641.8055555555555
Unyielding Urchins,2102-05-19 00:28:00,2102-05-19 04:57:50,2248.611111111111
Unyielding Urchins,2102-05-22 22:29:00,2102-05-22 22:59:59,258.19444444444446
Unyielding Urchins,2102-05-25 22:37:00,2102-05-26 02:46:18,2077.5
Unyielding Urchins,2102-06-06 01:23:00,2102-06-06 05:20:28,1978.888888888889
Unyielding Urchins,2102-06-09 03:37:00,2102-06-09 04:24:39,397.08333333333337
Unyielding Urchins,2102-06-12 20:32:00,2102-06-12 23:54:28,1687.2222222222222
Unyielding Urchins,2102-06-20 01:31:00,2102-06-20 04:26:01,1458.4722222222224
Unyielding Urchins,2102-06-22 22:55:00,2102-06-23 00:11:44,639.4444444444445
Unyielding Urchins,2102-06-23 21:38:00,2102-06-24 02:30:14,2435.277777777778
Unyielding Urchins,2102-06-27 00:50:00,2102-06-27 02:08:14,651.9444444444445
Unyielding Urchins,2102-07-01 00:16:00,2102-07-01 00:56:15,335.41666666666663
Unyielding Urchins,2102-07-04 00:28:00,2102-07-04 01:08:15,335.41666666666663
Unyielding Urchins,2102-07-11 00:33:00,2102-07-11 04:19:20,1886.1111111111113
Unyielding Urchins,2102-07-17 22:46:00,2102-07-18 04:17:41,2764.027777777778
Unyielding Urchins,2102-07-21 20:49:00,2102-07-22 01:40:55,2432.638888888889
Unyielding Urchins,2102-07-24 22:25:00,2102-07-25 01:34:18,1577.5000000000002
Unyielding Urchins,2102-08-01 00:43:00,2102-08-01 02:01:14,651.9444444444445
Unyielding Urchins,2102-08-04 23:50:00,2102-08-05 02:59:30,1579.1666666666665
Unyielding Urchins,2102-08-08 01:02:00,2102-08-08 03:35:21,1277.9166666666665
Unyielding Urchins,2102-08-15 00:58:00,2102-08-15 02:08:20,586.111111111111
Unyielding Urchins,2102-08-18 00:26:00,2102-08-18 02:06:00,833.3333333333334
Unyielding Urchins,2102-08-21 05:47:00,2102-08-21 06:22:53,299.02777777777777
Unyielding Urchins,2102-08-29 00:46:00,2102-08-29 01:28:52,357.22222222222223
Unyielding Urchins,2102-09-01 06:52:00,2102-09-01 07:34:52,357.22222222222223
Unyielding Urchins,2102-09-08 00:41:00,2102-09-08 03:35:11,1451.5277777777778
Unyielding Urchins,2102-09-11 22:37:00,2102-09-12 00:03:25,720.1388888888889
Unyielding Urchins,2102-09-16 00:48:00,2102-09-16 05:05:45,2147.9166666666665
Unyielding Urchins,2102-09-22 00:10:00,2102-09-22 04:27:16,2143.8888888888887
Unyielding Urchins,2102-09-26 22:06:00,2102-09-26 23:31:39,713.75
Unyielding Urchins,2102-09-29 22:26:00,2102-09-30 01:20:03,1450.4166666666667
Valiant Vipers,2102-04-03 22:20:00,2102-04-04 00:52:22,1269.7222222222222
Valiant Vipers,2102-04-06 22:25:00,2102-04-06 23:54:05,742.361111111111
Valiant Vipers,2102-04-13 22:01:00,2102-04-14 03:08:31,2562.6388888888887
Valiant Vipers,2102-04-18 01:10:00,2102-04-18 01:50:27,337.08333333333337
Valiant Vipers,2102-04-21 00:01:00,2102-04-21 00:42:28,345.55555555555554
Valiant Vipers,2102-04-25 03:47:00,2102-04-25 08:55:36,2571.666666666667
Valiant Vipers,2102-05-02 21:47:00,2102-05-02 22:45:34,488.0555555555556
Valiant Vipers,2102-05-05 21:16:00,2102-05-05 22:14:34,488.0555555555556
Valiant Vipers,2102-05-08 22:46:00,2102-05-08 23:55:07,575.9722222222222
Valiant Vipers,2102-05-12 21:02:00,2102-05-12 21:50:21,402.9166666666667
Valiant Vipers,2102-05-17 00:39:00,2102-05-17 01:04:29,212.36111111111111
Valiant Vipers,2102-05-23 03:16:00,2102-05-23 04:42:25,720.1388888888889
Valiant Vipers,2102-05-27 04:23:00,2102-05-27 06:13:03,917.0833333333334
Valiant Vipers,2102-05-30 00:07:00,2102-05-30 03:23:14,1635.2777777777776
Valiant Vipers,2102-06-05 22:27:00,2102-06-06 03:42:47,2631.527777777778
Valiant Vipers,2102-06-10 04:53:00,2102-06-10 09:57:56,2541.1111111111113
Valiant Vipers,2102-06-12 21:51:00,2102-06-12 22:29:51,323.75000000000006
Valiant Vipers,2102-06-19 22:42:00,2102-06-20 01:33:07,1425.9722222222222
Valiant Vipers,2102-06-22 23:42:00,2102-06-23 02:22:33,1337.916666666667
Valiant Vipers,2102-06-26 22:51:00,2102-06-26 23:01:56,91.11111111111111
Valiant Vipers,2102-07-04 04:27:00,2102-07-04 08:44:45,2147.9166666666665
Valiant Vipers,2102-07-08 06:17:00,2102-07-08 06:52:53,299.02777777777777
Valiant Vipers,2102-07-11 00:52:00,2102-07-11 05:44:20,2436.111111111111
Valiant Vipers,2102-07-21 21:47:00,2102-07-21 22:08:33,179.58333333333334
Valiant Vipers,2102-07-25 04:02:00,2102-07-25 04:23:35,179.86111111111111
Valiant Vipers,2102-07-28 03:37:00,2102-07-28 03:37:47,6.527777777777778
Valiant Vipers,2102-07-31 22:13:00,2102-08-01 00:24:42,1097.5
Valiant Vipers,2102-08-04 22:24:00,2102-08-05 00:18:38,955.2777777777778
Valiant Vipers,2102-08-07 22:11:00,2102-08-07 22:32:26,178.61111111111111
Valiant Vipers,2102-08-17 22:04:00,2102-08-17 23:49:38,880.2777777777778
Valiant Vipers,2102-08-21 23:14:00,2102-08-22 04:05:12,2426.666666666667
Valiant Vipers,2102-08-25 03:55:00,2102-08-25 09:10:47,2631.527777777778
Valiant Vipers,2102-09-04 22:30:00,2102-09-04 22:55:29,212.36111111111111
Valiant Vipers,2102-09-08 03:40:00,2102-09-08 05:32:09,934.5833333333335
Valiant Vipers,2102-09-11 22:56:00,2102-09-12 00:58:50,1023.611111111111
Valiant Vipers,2102-09-18 22:33:00,2102-09-19 00:44:43,1097.638888888889
Valiant Vipers,2102-09-22 03:44:00,2102-09-22 05:46:15,1018.75
Valiant Vipers,2102-09-26 02:29:00,2102-09-26 02:39:56,91.11111111111111
Wise Wolves,2102-04-03 22:19:00,2102-04-04 01:26:27,1562.0833333333333
Wise Wolves,2102-04-06 22:24:00,2102-04-07 00:51:08,1226.111111111111
Wise Wolves,2102-04-14 22:03:00,2102-04-14 23:15:27,603.75
Wise Wolves,2102-04-18 01:18:00,2102-04-18 02:29:25,595.1388888888889
Wise Wolves,2102-04-21 03:31:00,2102-04-21 03:35:13,35.13888888888889
Wise Wolves,2102-04-27 21:42:00,2102-04-27 22:29:36,396.6666666666667
Wise Wolves,2102-05-01 22:26:00,2102-05-01 23:42:47,639.8611111111111
Wise Wolves,2102-05-05 23:34:00,2102-05-06 04:35:07,2509.3055555555557
Wise Wolves,2102-05-08 21:04:00,2102-05-09 02:03:20,2494.4444444444443
Wise Wolves,2102-05-19 21:40:00,2102-05-19 22:20:00,333.3333333333333
Wise Wolves,2102-05-22 23:08:00,2102-05-22 23:48:50,340.27777777777777
Wise Wolves,2102-05-27 03:58:00,2102-05-27 04:19:22,178.05555555555554
Wise Wolves,2102-06-02 00:16:00,2102-06-02 05:09:55,2449.3055555555557
Wise Wolves,2102-06-06 00:42:00,2102-06-06 04:22:01,1833.4722222222224
Wise Wolves,2102-06-09 22:53:00,2102-06-10 00:10:16,643.8888888888888
Wise Wolves,2102-06-16 21:50:00,2102-06-16 23:02:49,606.8055555555555
Wise Wolves,2102-06-19 21:51:00,2102-06-19 23:53:20,1019.4444444444443
Wise Wolves,2102-06-22 20:45:00,2102-06-22 22:29:07,867.6388888888888
Wise Wolves,2102-07-03 20:45:00,2102-07-03 21:06:22,178.05555555555554
Wise Wolves,2102-07-08 04:14:00,2102-07-08 06:16:08,1017.7777777777779
Wise Wolves,2102-07-10 23:07:00,2102-07-11 00:59:30,937.5
Wise Wolves,2102-07-20 22:23:00,2102-07-21 00:07:07,867.6388888888888
Wise Wolves,2102-07-24 22:28:00,2102-07-25 00:20:58,941.3888888888889
Wise Wolves,2102-07-28 02:26:00,2102-07-28 02:36:38,88.61111111111111
Wise Wolves,2102-08-01 04:14:00,2102-08-01 04:54:00,333.3333333333333
Wise Wolves,2102-08-05 00:07:00,2102-08-05 00:47:00,333.3333333333333
Wise Wolves,2102-08-11 21:26:00,2102-08-12 02:05:22,2328.0555555555557
Wise Wolves,2102-08-15 01:22:00,2102-08-15 03:29:37,1063.4722222222222
Wise Wolves,2102-08-18 05:10:00,2102-08-18 06:03:59,449.8611111111111
Wise Wolves,2102-08-22 00:50:00,2102-08-22 05:42:48,2440.0
Wise Wolves,2102-08-31 22:14:00,2102-09-01 02:13:57,1999.5833333333333
Wise Wolves,2102-09-05 01:16:00,2102-09-05 01:56:15,335.41666666666663
Wise Wolves,2102-09-08 06:34:00,2102-09-08 11:43:25,2578.4722222222226
Wise Wolves,2102-09-12 00:36:00,2102-09-12 01:18:57,357.91666666666674
Wise Wolves,2102-09-18 22:41:00,2102-09-19 01:10:56,1249.4444444444446
Wise Wolves,2102-09-21 23:06:00,2102-09-22 01:19:41,1114.0277777777778
Wise Wolves,2102-09-25 22:25:00,2102-09-25 23:01:51,307.0833333333333
Xenial Xerus,2102-04-04 03:32:00,2102-04-04 06:19:04,1392.2222222222222
Xenial Xerus,2102-04-06 21:35:00,2102-04-06 21:45:57,91.25
Xenial Xerus,2102-04-14 00:45:00,2102-04-14 01:45:06,500.83333333333337
Xenial Xerus,2102-04-17 22:42:00,2102-04-17 23:12:02,250.27777777777777
Xenial Xerus,2102-04-20 22:33:00,2102-04-20 23:52:42,664.1666666666666
Xenial Xerus,2102-04-28 21:09:00,2102-04-28 23:49:33,1337.916666666667
Xenial Xerus,2102-05-02 03:56:00,2102-05-02 06:40:37,1371.8055555555557
Xenial Xerus,2102-05-05 01:06:00,2102-05-05 05:52:31,2387.6388888888887
Xenial Xerus,2102-05-12 01:01:00,2102-05-12 04:10:02,1575.2777777777778
Xenial Xerus,2102-05-15 23:43:00,2102-05-16 01:36:27,945.4166666666666
Xenial Xerus,2102-05-19 00:40:00,2102-05-19 05:41:54,2515.833333333333
Xenial Xerus,2102-05-25 22:37:00,2102-05-26 03:43:39,2555.4166666666665
Xenial Xerus,2102-05-30 04:02:00,2102-05-30 09:17:47,2631.527777777778
Xenial Xerus,2102-06-02 21:42:00,2102-06-02 22:07:29,212.36111111111111
Xenial Xerus,2102-06-05 22:32:00,2102-06-05 22:46:35,121.52777777777777
Xenial Xerus,2102-06-12 22:19:00,2102-06-13 02:28:18,2077.5
Xenial Xerus,2102-06-17 00:35:00,2102-06-17 01:52:01,641.8055555555555
Xenial Xerus,2102-06-20 00:42:00,2102-06-20 05:42:47,2506.527777777778
Xenial Xerus,2102-06-26 22:51:00,2102-06-27 00:10:58,666.3888888888889
Xenial Xerus,2102-07-01 04:16:00,2102-07-01 05:35:58,666.3888888888889
Xenial Xerus,2102-07-03 22:29:00,2102-07-04 00:21:58,941.3888888888889
Xenial Xerus,2102-07-08 03:27:00,2102-07-08 03:51:26,203.61111111111111
Xenial Xerus,2102-07-10 22:02:00,2102-07-11 00:04:15,1018.75
Xenial Xerus,2102-07-21 20:58:00,2102-07-21 21:41:02,358.6111111111111
Xenial Xerus,2102-07-24 22:50:00,2102-07-24 23:33:02,358.6111111111111
Xenial Xerus,2102-07-28 02:26:00,2102-07-28 02:56:59,258.19444444444446
Xenial Xerus,2102-07-31 22:35:00,2102-08-01 00:36:38,1013.6111111111112
Xenial Xerus,2102-08-04 20:29:00,2102-08-04 22:31:15,1018.75
Xenial Xerus,2102-08-14 22:15:00,2102-08-14 22:55:30,337.5
Xenial Xerus,2102-08-18 03:58:00,2102-08-18 04:40:14,351.94444444444446
Xenial Xerus,2102-08-21 00:43:00,2102-08-21 01:02:39,163.74999999999997
Xenial Xerus,2102-08-22 03:36:00,2102-08-22 03:52:13,135.13888888888886
Xenial Xerus,2102-08-31 22:08:00,2102-08-31 23:31:34,696.3888888888888
Xenial Xerus,2102-09-04 21:46:00,2102-09-05 01:13:56,1732.7777777777778
Xenial Xerus,2102-09-08 01:10:00,2102-09-08 05:54:08,2367.7777777777774
Xenial Xerus,2102-09-15 03:00:00,2102-09-15 04:36:56,807.7777777777778
Xenial Xerus,2102-09-18 22:41:00,2102-09-19 03:32:12,2426.666666666667
Xenial Xerus,2102-09-21 21:26:00,2102-09-22 02:32:39,2555.4166666666665
Xenial Xerus,2102-09-30 02:46:00,2102-09-30 02:56:56,91.11111111111111
Youthful Yaks,2102-04-04 01:07:00,2102-04-04 02:28:35,679.861111111111
Youthful Yaks,2102-04-07 00:35:00,2102-04-07 04:53:13,2151.805555555555
Youthful Yaks,2102-04-13 21:54:00,2102-04-13 22:30:45,306.25
Youthful Yaks,2102-04-17 22:07:00,2102-04-17 22:54:39,397.08333333333337
Youthful Yaks,2102-04-20 21:33:00,2102-04-20 21:43:56,91.11111111111111
Youthful Yaks,2102-04-27 21:42:00,2102-04-27 22:47:39,547.0833333333334
Youthful Yaks,2102-05-01 22:07:00,2102-05-01 22:28:35,179.86111111111111
Youthful Yaks,2102-05-05 03:46:00,2102-05-05 04:34:44,406.11111111111114
Youthful Yaks,2102-05-15 19:48:00,2102-05-15 20:24:57,307.9166666666667
Youthful Yaks,2102-05-19 22:27:00,2102-05-19 23:53:15,718.75
Youthful Yaks,2102-05-23 03:16:00,2102-05-23 04:05:20,411.11111111111114
Youthful Yaks,2102-05-29 22:18:00,2102-05-29 22:54:51,307.0833333333333
Youthful Yaks,2102-06-02 00:16:00,2102-06-02 02:08:30,937.5
Youthful Yaks,2102-06-05 22:28:00,2102-06-05 23:43:40,630.5555555555557
Youthful Yaks,2102-06-12 20:59:00,2102-06-13 01:02:41,2030.6944444444443
Youthful Yaks,2102-06-17 05:49:00,2102-06-17 06:24:53,299.02777777777777
Youthful Yaks,2102-06-20 01:31:00,2102-06-20 05:00:30,1745.8333333333333
Youthful Yaks,2102-06-26 22:41:00,2102-06-27 00:04:21,694.5833333333334
Youthful Yaks,2102-06-30 22:57:00,2102-06-30 23:46:15,410.41666666666663
Youthful Yaks,2102-07-04 03:58:00,2102-07-04 04:35:08,309.44444444444446
Youthful Yaks,2102-07-10 22:04:00,2102-07-11 00:08:41,1039.0277777777778
Youthful Yaks,2102-07-17 23:18:00,2102-07-18 01:28:03,1083.75
Youthful Yaks,2102-07-20 21:13:00,2102-07-20 21:26:39,113.75
Youthful Yaks,2102-07-27 22:17:00,2102-07-27 22:53:57,307.9166666666667
Youthful Yaks,2102-07-31 22:31:00,2102-08-01 00:23:39,938.7500000000001
Youthful Yaks,2102-08-03 22:53:00,2102-08-04 01:06:41,1114.0277777777778
Youthful Yaks,2102-08-11 22:10:00,2102-08-12 00:04:00,950.0
Youthful Yaks,2102-08-14 22:30:00,2102-08-15 00:04:48,789.9999999999999
Youthful Yaks,2102-08-18 03:27:00,2102-08-18 03:53:43,222.63888888888889
Youthful Yaks,2102-08-26 01:05:00,2102-08-26 01:27:39,188.75
Youthful Yaks,2102-08-28 23:11:00,2102-08-29 00:34:03,692.0833333333333
Youthful Yaks,2102-08-31 22:20:00,2102-08-31 23:35:40,630.5555555555557
Youthful Yaks,2102-09-07 22:44:00,2102-09-08 02:48:06,2034.1666666666667
Youthful Yaks,2102-09-12 00:32:00,2102-09-12 01:16:47,373.19444444444446
Youthful Yaks,2102-09-15 00:47:00,2102-09-15 05:06:18,2160.8333333333335
Youthful Yaks,2102-09-18 22:06:00,2102-09-18 23:29:21,694.5833333333334
Youthful Yaks,2102-09-21 22:50:00,2102-09-22 00:13:21,694.5833333333334
Youthful Yaks,2102-09-29 02:37:00,2102-09-29 02:47:56,91.11111111111111
Zealous Zebras,2102-04-03 22:45:00,2102-04-04 01:13:11,1234.861111111111
Zealous Zebras,2102-04-06 21:20:00,2102-04-07 00:21:31,1512.6388888888891
Zealous Zebras,2102-04-13 21:47:00,2102-04-13 23:49:08,1017.7777777777779
Zealous Zebras,2102-04-17 21:42:00,2102-04-17 22:03:35,179.86111111111111
Zealous Zebras,2102-04-21 22:15:00,2102-04-22 00:29:23,1119.861111111111
Zealous Zebras,2102-05-01 23:00:00,2102-05-01 23:42:52,357.22222222222223
Zealous Zebras,2102-05-05 23:47:00,2102-05-06 00:23:57,307.9166666666667
Zealous Zebras,2102-05-08 21:49:00,2102-05-08 23:04:40,630.5555555555557
Zealous Zebras,2102-05-15 22:55:00,2102-05-16 01:57:23,1519.861111111111
Zealous Zebras,2102-05-18 23:59:00,2102-05-19 00:02:21,27.916666666666664
Zealous Zebras,2102-05-23 00:48:00,2102-05-23 03:49:49,1515.138888888889
Zealous Zebras,2102-05-29 22:57:00,2102-05-30 01:03:58,1058.0555555555554
Zealous Zebras,2102-06-02 05:00:00,2102-06-02 07:06:58,1058.0555555555554
Zealous Zebras,2102-06-05 22:28:00,2102-06-06 01:07:03,1325.4166666666667
Zealous Zebras,2102-06-09 21:17:00,2102-06-09 23:30:24,1111.6666666666667
Zealous Zebras,2102-06-12 22:42:00,2102-06-13 00:05:03,692.0833333333333
Zealous Zebras,2102-06-23 21:25:00,2102-06-23 22:30:06,542.5
Zealous Zebras,2102-06-26 21:21:00,2102-06-27 02:39:58,2658.055555555555
Zealous Zebras,2102-06-29 20:44:00,2102-06-30 01:43:20,2494.4444444444443
Zealous Zebras,2102-07-03 20:45:00,2102-07-03 22:37:30,937.5
Zealous Zebras,2102-07-10 23:07:00,2102-07-11 02:15:31,1570.9722222222224
Zealous Zebras,2102-07-18 00:55:00,2102-07-18 02:16:35,679.861111111111
Zealous Zebras,2102-07-22 00:15:00,2102-07-22 03:01:53,1390.6944444444443
Zealous Zebras,2102-07-27 21:51:00,2102-07-27 22:40:43,414.3055555555556
Zealous Zebras,2102-07-31 22:35:00,2102-07-31 23:02:55,232.63888888888889
Zealous Zebras,2102-08-05 04:17:00,2102-08-05 05:13:03,467.0833333333333
Zealous Zebras,2102-08-08 01:02:00,2102-08-08 02:07:06,542.5
Zealous Zebras,2102-08-11 21:31:00,2102-08-11 22:24:11,443.1944444444444
Zealous Zebras,2102-08-14 22:15:00,2102-08-15 00:13:13,985.1388888888889
Zealous Zebras,2102-08-21 22:32:00,2102-08-21 23:07:33,296.24999999999994
Zealous Zebras,2102-08-24 23:40:00,2102-08-25 00:15:33,296.24999999999994
Zealous Zebras,2102-08-31 22:20:00,2102-09-01 00:04:20,869.4444444444443
Zealous Zebras,2102-09-04 23:41:00,2102-09-05 01:45:41,1039.0277777777778
Zealous Zebras,2102-09-07 22:44:00,2102-09-07 23:59:40,630.5555555555557
Zealous Zebras,2102-09-14 22:02:00,2102-09-14 22:44:52,357.22222222222223
Zealous Zebras,2102-09-18 22:41:00,2102-09-18 23:11:02,250.27777777777777
Zealous Zebras,2102-09-21 21:26:00,2102-09-21 22:38:42,605.8333333333334
Zealous Zebras,2102-09-29 21:53:00,2102-09-29 23:16:43,697.6388888888889
Angry Alpacas,2102-04-03 22:04:00,2102-04-03 23:32:21,736.25
Angry Alpacas,2102-04-06 22:07:00,2102-04-06 23:04:34,479.7222222222223
Angry Alpacas,2102-04-13 21:26:00,2102-04-13 22:32:50,556.9444444444443
Angry Alpacas,2102-04-17 23:00:00,2102-04-18 00:35:28,795.5555555555555
Angry Alpacas,2102-04-20 23:42:00,2102-04-21 02:20:03,1317.0833333333335
Angry Alpacas,2102-04-28 20:43:00,2102-04-28 21:06:10,193.05555555555557
Angry Alpacas,2102-05-02 00:42:00,2102-05-02 02:21:59,833.1944444444445
Angry Alpacas,2102-05-05 21:24:00,2102-05-05 23:10:40,888.8888888888889
Angry Alpacas,2102-05-11 21:43:00,2102-05-11 22:06:36,196.66666666666669
Angry Alpacas,2102-05-15 22:12:00,2102-05-15 22:59:36,396.6666666666667
Angry Alpacas,2102-05-18 21:33:00,2102-05-18 21:57:35,204.86111111111111
Angry Alpacas,2102-05-25 20:56:00,2102-05-26 01:11:51,2132.083333333333
Angry Alpacas,2102-05-30 01:04:00,2102-05-30 02:25:21,677.9166666666666
Angry Alpacas,2102-06-02 00:17:00,2102-06-02 04:47:56,2257.777777777778
Angry Alpacas,2102-06-12 21:51:00,2102-06-12 22:40:18,410.8333333333333
Angry Alpacas,2102-06-17 04:51:00,2102-06-17 05:00:10,76.38888888888889
Angry Alpacas,2102-06-19 22:38:00,2102-06-19 23:31:42,447.5
Angry Alpacas,2102-06-22 21:16:00,2102-06-22 23:17:38,1013.6111111111112
Angry Alpacas,2102-06-26 21:47:00,2102-06-26 23:48:38,1013.6111111111112
Angry Alpacas,2102-07-03 22:14:00,2102-07-04 02:29:42,2130.8333333333335
Angry Alpacas,2102-07-08 06:23:00,2102-07-08 07:05:52,357.22222222222223
Angry Alpacas,2102-07-11 00:33:00,2102-07-11 04:11:54,1824.1666666666667
Angry Alpacas,2102-07-20 21:13:00,2102-07-21 01:27:21,2119.5833333333335
Angry Alpacas,2102-07-25 00:47:00,2102-07-25 00:57:22,86.38888888888889
Angry Alpacas,2102-07-28 00:32:00,2102-07-28 04:45:32,2112.777777777778
Angry Alpacas,2102-08-03 21:18:00,2102-08-03 22:11:42,447.5
Angry Alpacas,2102-08-07 22:40:00,2102-08-07 23:33:42,447.5
Angry Alpacas,2102-08-15 03:44:00,2102-08-15 04:22:51,323.75000000000006
Angry Alpacas,2102-08-17 22:04:00,2102-08-18 00:06:50,1023.611111111111
Angry Alpacas,2102-08-21 22:32:00,2102-08-22 00:01:02,741.9444444444445
Angry Alpacas,2102-08-28 22:15:00,2102-08-28 23:47:53,774.0277777777778
Angry Alpacas,2102-09-01 04:35:00,2102-09-01 05:02:55,232.63888888888889
Angry Alpacas,2102-09-04 23:06:00,2102-09-05 00:12:50,556.9444444444443
Angry Alpacas,2102-09-07 21:21:00,2102-09-08 02:25:56,2541.1111111111113
Angry Alpacas,2102-09-11 22:00:00,2102-09-12 03:04:56,2541.1111111111113
Angry Alpacas,2102-09-18 22:13:00,2102-09-18 23:02:18,410.8333333333333
Angry Alpacas,2102-09-23 04:42:00,2102-09-23 05:12:51,257.0833333333333
Angry Alpacas,2102-09-25 22:16:00,2102-09-25 23:16:06,500.83333333333337
Angry Alpacas,2102-09-30 02:46:00,2102-09-30 03:16:59,258.19444444444446
Bumbling Beavers,2102-04-03 22:02:00,2102-04-03 23:27:39,713.75
Bumbling Beavers,2102-04-07 23:00:00,2102-04-08 02:42:22,1853.0555555555557
Bumbling Beavers,2102-04-14 06:55:00,2102-04-14 11:05:14,2085.277777777778
Bumbling Beavers,2102-04-16 22:15:00,2102-04-17 00:33:39,1155.4166666666667
Bumbling Beavers,2102-04-20 22:47:00,2102-04-21 03:57:29,2587.3611111111113
Bumbling Beavers,2102-04-29 00:29:00,2102-04-29 04:15:47,1889.861111111111
Bumbling Beavers,2102-05-02 00:57:00,2102-05-02 02:27:19,752.6388888888889
Bumbling Beavers,2102-05-04 22:24:00,2102-05-05 01:41:00,1641.6666666666665
Bumbling Beavers,2102-05-12 00:14:00,2102-05-12 01:32:14,651.9444444444445
Bumbling Beavers,2102-05-16 00:34:00,2102-05-16 01:52:14,651.9444444444445
Bumbling Beavers,2102-05-23 00:29:00,2102-05-23 03:38:30,1579.1666666666665
Bumbling Beavers,2102-05-25 22:02:00,2102-05-25 22:37:33,296.24999999999994
Bumbling Beavers,2102-05-29 22:57:00,2102-05-30 02:37:01,1833.4722222222224
Bumbling Beavers,2102-06-06 00:42:00,2102-06-06 02:35:27,945.4166666666666
Bumbling Beavers,2102-06-09 23:56:00,2102-06-10 01:49:27,945.4166666666666
Bumbling Beavers,2102-06-13 01:11:00,2102-06-13 04:39:49,1740.138888888889
Bumbling Beavers,2102-06-15 22:07:00,2102-06-16 01:17:17,1585.6944444444446
Bumbling Beavers,2102-06-20 00:43:00,2102-06-20 01:24:28,345.55555555555554
Bumbling Beavers,2102-06-27 00:50:00,2102-06-27 05:21:29,2262.3611111111113
Bumbling Beavers,2102-07-01 03:22:00,2102-07-01 04:03:36,346.6666666666667
Bumbling Beavers,2102-07-04 04:27:00,2102-07-04 09:35:36,2571.666666666667
Bumbling Beavers,2102-07-11 00:01:00,2102-07-11 04:31:56,2257.777777777778
Bumbling Beavers,2102-07-17 21:12:00,2102-07-17 21:42:47,256.52777777777777
Bumbling Beavers,2102-07-21 20:52:00,2102-07-21 21:40:21,402.9166666666667
Bumbling Beavers,2102-07-24 22:03:00,2102-07-24 22:50:39,397.08333333333337
Bumbling Beavers,2102-07-25 21:26:00,2102-07-26 01:36:14,2085.277777777778
Bumbling Beavers,2102-08-04 23:50:00,2102-08-04 23:51:15,10.416666666666666
Bumbling Beavers,2102-08-08 01:11:00,2102-08-08 01:54:46,364.72222222222223
Bumbling Beavers,2102-08-11 06:13:00,2102-08-11 06:57:47,373.19444444444446
Bumbling Beavers,2102-08-18 00:10:00,2102-08-18 06:51:29,3345.694444444445
Bumbling Beavers,2102-08-21 22:46:00,2102-08-22 03:52:39,2555.4166666666665
Bumbling Beavers,2102-08-25 01:43:00,2102-08-25 06:44:54,2515.833333333333
Bumbling Beavers,2102-09-01 00:17:00,2102-09-01 01:11:58,458.05555555555554
Bumbling Beavers,2102-09-05 00:44:00,2102-09-05 04:11:45,1731.25
Bumbling Beavers,2102-09-07 22:38:00,2102-09-08 02:20:11,1851.5277777777778
Bumbling Beavers,2102-09-15 00:47:00,2102-09-15 02:40:27,945.4166666666666
Bumbling Beavers,2102-09-19 00:27:00,2102-09-19 01:37:20,586.111111111111
Bumbling Beavers,2102-09-22 00:10:00,2102-09-22 00:52:52,357.22222222222223
Bumbling Beavers,2102-09-26 04:02:00,2102-09-26 04:43:28,345.55555555555554
Crazed Crocs,2102-04-04 00:39:00,2102-04-04 02:00:35,679.861111111111
Crazed Crocs,2102-04-07 01:05:00,2102-04-07 03:02:40,980.5555555555557
Crazed Crocs,2102-04-14 00:29:00,2102-04-14 05:38:25,2578.4722222222226
Crazed Crocs,2102-04-18 22:34:00,2102-04-18 22:55:35,179.86111111111111
Crazed Crocs,2102-04-22 00:54:00,2102-04-22 05:46:31,2437.6388888888887
Crazed Crocs,2102-04-29 01:10:00,2102-04-29 04:37:28,1728.888888888889
Crazed Crocs,2102-05-01 22:40:00,2102-05-01 23:19:06,325.83333333333337
Crazed Crocs,2102-05-05 22:13:00,2102-05-06 01:21:44,1572.7777777777776
Crazed Crocs,2102-05-12 00:45:00,2102-05-12 04:49:06,2034.1666666666667
Crazed Crocs,2102-05-15 19:48:00,2102-05-15 20:24:51,307.0833333333333
Crazed Crocs,2102-05-19 21:40:00,2102-05-20 02:16:10,2301.388888888889
Crazed Crocs,2102-05-30 00:55:00,2102-05-30 04:22:45,1731.25
Crazed Crocs,2102-06-01 22:57:00,2102-06-02 00:49:39,938.7500000000001
Crazed Crocs,2102-06-05 22:30:00,2102-06-06 01:11:56,1349.4444444444443
Crazed Crocs,2102-06-13 01:02:00,2102-06-13 03:26:12,1201.6666666666667
Crazed Crocs,2102-06-17 04:52:00,2102-06-17 05:47:06,459.1666666666667
Crazed Crocs,2102-06-19 22:41:00,2102-06-20 01:22:34,1346.388888888889
Crazed Crocs,2102-06-23 06:08:00,2102-06-23 07:46:40,822.2222222222223
Crazed Crocs,2102-06-26 23:24:00,2102-06-27 01:02:40,822.2222222222223
Crazed Crocs,2102-07-04 00:28:00,2102-07-04 00:38:22,86.38888888888889
Crazed Crocs,2102-07-07 05:12:00,2102-07-07 05:25:35,113.19444444444444
Crazed Crocs,2102-07-10 05:44:00,2102-07-10 05:47:21,27.916666666666664
Crazed Crocs,2102-07-25 00:47:00,2102-07-25 04:43:16,1968.888888888889
Crazed Crocs,2102-07-28 22:14:00,2102-07-28 22:38:41,205.69444444444446
Crazed Crocs,2102-07-31 21:11:00,2102-08-01 02:42:41,2764.027777777778
Crazed Crocs,2102-08-03 20:59:00,2102-08-04 02:56:38,2980.277777777778
Crazed Crocs,2102-08-11 06:13:00,2102-08-11 08:54:56,1349.4444444444443
Crazed Crocs,2102-08-14 22:59:00,2102-08-14 23:26:39,230.41666666666666
Crazed Crocs,2102-08-18 04:32:00,2102-08-18 06:56:12,1201.6666666666667
Crazed Crocs,2102-08-25 06:47:00,2102-08-25 11:40:03,2442.0833333333335
Crazed Crocs,2102-08-28 20:35:00,2102-08-28 20:45:56,91.11111111111111
Crazed Crocs,2102-08-31 22:08:00,2102-09-01 03:08:47,2506.527777777778
Crazed Crocs,2102-09-05 01:16:00,2102-09-05 01:59:46,364.72222222222223
Crazed Crocs,2102-09-12 00:32:00,2102-09-12 02:29:40,980.5555555555557
Crazed Crocs,2102-09-15 00:42:00,2102-09-15 02:39:40,980.5555555555557
Crazed Crocs,2102-09-19 00:45:00,2102-09-19 04:59:36,2121.6666666666665
Crazed Crocs,2102-09-22 22:13:00,2102-09-23 00:52:03,1325.4166666666667
Crazed Crocs,2102-09-25 23:30:00,2102-09-26 02:31:49,1515.138888888889
Diligent Data Scientists,2102-04-03 22:44:00,2102-04-03 23:11:55,232.63888888888889
Diligent Data Scientists,2102-04-07 22:40:00,2102-04-08 01:21:34,1346.388888888889
Diligent Data Scientists,2102-04-11 01:38:00,2102-04-11 05:57:23,2161.527777777778
Diligent Data Scientists,2102-04-17 22:17:00,2102-04-18 00:53:02,1300.2777777777778
Diligent Data Scientists,2102-04-21 04:34:00,2102-04-21 07:24:55,1424.3055555555554
Diligent Data Scientists,2102-04-24 21:58:00,2102-04-24 22:38:50,340.27777777777777
Diligent Data Scientists,2102-05-01 22:47:00,2102-05-01 23:38:24,428.33333333333337
Diligent Data Scientists,2102-05-06 03:03:00,2102-05-06 04:00:34,479.7222222222223
Diligent Data Scientists,2102-05-08 23:56:00,2102-05-09 00:26:59,258.19444444444446
Diligent Data Scientists,2102-05-12 01:01:00,2102-05-12 01:41:30,337.5
Diligent Data Scientists,2102-05-22 23:08:00,2102-05-23 01:21:24,1111.6666666666667
Diligent Data Scientists,2102-05-26 21:46:00,2102-05-27 00:25:03,1325.4166666666667
Diligent Data Scientists,2102-05-29 22:57:00,2102-05-30 00:20:03,692.0833333333333
Diligent Data Scientists,2102-06-02 21:27:00,2102-06-02 22:08:36,346.6666666666667
Diligent Data Scientists,2102-06-05 22:27:00,2102-06-05 23:08:36,346.6666666666667
Diligent Data Scientists,2102-06-12 22:42:00,2102-06-12 23:22:00,333.3333333333333
Diligent Data Scientists,2102-06-16 21:50:00,2102-06-17 00:17:08,1226.111111111111
Diligent Data Scientists,2102-06-19 23:43:00,2102-06-20 01:57:45,1122.9166666666665
Diligent Data Scientists,2102-06-22 20:37:00,2102-06-22 23:05:13,1235.138888888889
Diligent Data Scientists,2102-07-03 22:36:00,2102-07-03 23:28:23,436.52777777777777
Diligent Data Scientists,2102-07-08 01:48:00,2102-07-08 02:16:32,237.77777777777777
Diligent Data Scientists,2102-07-10 22:33:00,2102-07-10 22:57:41,205.69444444444446
Diligent Data Scientists,2102-07-21 22:00:00,2102-07-22 02:07:58,2066.388888888889
Diligent Data Scientists,2102-07-25 01:09:00,2102-07-25 03:03:56,957.7777777777778
Diligent Data Scientists,2102-07-28 01:04:00,2102-07-28 05:24:24,2170.0
Diligent Data Scientists,2102-08-05 00:07:00,2102-08-05 00:58:24,428.33333333333337
Diligent Data Scientists,2102-08-07 22:23:00,2102-08-07 23:28:39,547.0833333333334
Diligent Data Scientists,2102-08-11 22:10:00,2102-08-11 22:32:39,188.75
Diligent Data Scientists,2102-08-18 03:58:00,2102-08-18 04:47:18,410.8333333333333
Diligent Data Scientists,2102-08-21 22:21:00,2102-08-21 23:11:41,422.3611111111111
Diligent Data Scientists,2102-08-26 04:27:00,2102-08-26 05:07:00,333.3333333333333
Diligent Data Scientists,2102-08-31 23:30:00,2102-09-01 02:11:04,1342.2222222222222
Diligent Data Scientists,2102-09-05 01:22:00,2102-09-05 03:14:19,935.9722222222222
Diligent Data Scientists,2102-09-07 23:56:00,2102-09-08 04:26:26,2253.6111111111113
Diligent Data Scientists,2102-09-18 22:20:00,2102-09-18 23:00:50,340.27777777777777
Diligent Data Scientists,2102-09-23 03:37:00,2102-09-23 05:40:32,1029.4444444444443
Diligent Data Scientists,2102-09-25 22:04:00,2102-09-26 00:17:24,1111.6666666666667
